id,likeNum,commentsLen,reposts_count,region,content,contentLen,created_at,type,detailUrl,authorAvatar,authorName,authorDetail,isVip
5043327577884793,9415,574,293, æ¹–å—,#é å©§ç¥è¡£æœåŠå¸¦æ–­äº†#é‚£å°±ä¸å¾—ä¸è¯´è¿™åœºæœ€ç¾çš„é¦™è‚©äº†[æ£æ‰‹]http://t.cn/EJIJLeE â€‹,73,2024-06-09,çƒ­é—¨,https://weibo.com/5043327577884793/Oib9bx5c5,"https://tvax2.sinaimg.cn/crop.0.0.1080.1080.180/662172f3ly8ho7zgoe42ij20u00u079l.jpg?KID=imgbed,tva&Expires=1718287517&ssig=07pewt72LO",é˜¿éƒ¨Bonheur,https://weibo.com/u/1713468147,0
5041832343372351,3396,321,569,æ— ,ã€#å«¦å¨¥å…­å·æœˆé¢å›½æ——ä»…é‡11.3å…‹#ã€‘#ä¸­å›½äººç”¨ç„æ­¦å²©ç»‡å‡ºä¸­å›½çº¢#å«¦å¨¥å…­å·å®ŒæˆæœˆèƒŒâ€œæŒ–åœŸâ€åï¼Œä¸¾èµ·äº†ä¸€é¢äº”æ˜Ÿçº¢æ——ã€‚ç”¨äºåšè¿™é¢å›½æ——çš„è¶…ç»†ç„æ­¦å²©çº¤ç»´ï¼Œç›´å¾„ä¸ºå¤´å‘ä¸çš„1/3ï¼Œæœ€ååšå‡ºçš„å›½æ——é‡é‡åªæœ‰11.3å…‹ã€‚ï¼ˆäººæ°‘æ—¥æŠ¥ï¼‰http://t.cn/A6Hu7jWa â€‹,219,2024-06-05,çƒ­é—¨,https://weibo.com/5041832343372351/Ohyfwe9iL,"https://tvax3.sinaimg.cn/crop.0.0.690.690.180/002uLDeXly8h8vh2k4apuj60j60j6gm402.jpg?KID=imgbed,tva&Expires=1718287517&ssig=fZCWXfzisn",äººæ°‘ç½‘,https://weibo.com/u/2286908003,0
5044186241303060,3105,354,17, æ²³åŒ—,å¥³å„¿åœ¨çˆ¸çˆ¸èƒŒåçªç„¶å¤§å«ï¼Œçˆ¸çˆ¸è¢«å“åæŠ¬è„šå°±è¸¹ï¼Œç½‘å‹ï¼šè¿™æ ·çš„çˆ¶äº²ä¸è¦ä¹Ÿç½¢ http://t.cn/A6HsetQL â€‹,89,2024-06-11,çƒ­é—¨,https://weibo.com/5044186241303060/Oixu85sZ6,"https://tvax3.sinaimg.cn/crop.0.0.1080.1080.180/4ccafaecly8hnf11jmojej20u00u0406.jpg?KID=imgbed,tva&Expires=1718287517&ssig=1gJoJsdHEt",é»‘å“¥çˆ†æ–™,https://weibo.com/u/1288370924,0
5035061553923416,15954,10502,2790, ç¦å»º,å¢¨å°”æœ¬å°ç«è½¦ğŸ“¸ â€‹,16,2024-05-17,çƒ­é—¨,https://weibo.com/5035061553923416/OeI6TgsEU,"https://tvax3.sinaimg.cn/crop.0.0.1080.1080.180/007QDN99ly8gskehpgf1dj30u00u076i.jpg?KID=imgbed,tva&Expires=1718287517&ssig=yiB2wtNro%2B",æ—å­çƒ¨-Lester,https://weibo.com/u/7190783011,0
5038774449341394,9658,235,45, æ±Ÿè‹,"å·å‰§å˜è„¸ï¼Œè¢«å°ç”·å­©æ­ç§˜äº†â€¦â€¦

å‡ åƒå¹´çš„æ–‡åŒ– å•Š http://t.cn/A6H0pvUD â€‹",66,2024-05-27,çƒ­é—¨,https://weibo.com/5038774449341394/OggHqDc7E,"https://tvax3.sinaimg.cn/crop.0.0.1024.1024.180/006Nn4jZly8hefgw5mrhej30sg0sgwfw.jpg?KID=imgbed,tva&Expires=1718287517&ssig=fo4UjdCAjK",Yogatan-Dubbed,https://weibo.com/u/6226335615,0
5043484908329745,30149,216,399, é™•è¥¿,"é«˜è€ƒå‰å­¦æ ¡:å­¦æ ¡ä¸ºä½ ä¸€è·¯ä¿é©¾æŠ¤èˆª
é«˜è€ƒåå­¦æ ¡:æ‰€æœ‰ä¸œè¥¿å¿…é¡»ç«‹é©¬æ¬èµ° 
è€ƒè¯•å‰å­¦æ ¡ï¼šå­¦æ ¡æ˜¯ä½ ä»¬æ°¸è¿œçš„å®¶ï¼
è€ƒè¯•åå­¦æ ¡ï¼šå¤–æ¥äººå‘˜ç¦æ­¢å…¥å†…ï¼ â€‹",128,2024-06-09,çƒ­é—¨,https://weibo.com/5043484908329745/OifeWyWWJ,"https://tvax2.sinaimg.cn/crop.0.0.828.828.180/006QKpwKly8hi3739w6ylj30n00n0taq.jpg?KID=imgbed,tva&Expires=1718287517&ssig=w3uEGahe63",liu_iiiiiirich,https://weibo.com/u/6276227682,1
5044487181306960,18361,5073,1486, åŒ—äº¬,#èŒƒä¸ä¸[è¶…è¯]# æ”¾ç¼“æ—¶é—´ï¼Œæ²‰æµ¸åœ¨è¿™ä¸€åˆ»çš„å®é™ã€‚@èŒƒä¸ä¸Adam0616 http://t.cn/A6QP8fS3 â€‹,81,2024-06-12,çƒ­é—¨,https://weibo.com/5044487181306960/OiFjw5u00,"https://tvax3.sinaimg.cn/crop.0.0.1080.1080.180/007v6jQWly8hqhod4imjej30u00u075u.jpg?KID=imgbed,tva&Expires=1718287517&ssig=u04puJYGwz",èŒƒä¸ä¸å·¥ä½œå®¤,https://weibo.com/u/6872502526,0
5024907127948789,3270,92,41, è´µå·,å¥”è·‘å§ä»Šæ—¥é‡åº†å½•åˆ¶è·¯é€ï¼Œå…¨å‘˜è“è‰²ç³» â€‹,34,2024-04-19,çƒ­é—¨,https://weibo.com/5024907127948789/OarWMxlQh,"https://tvax4.sinaimg.cn/crop.0.0.512.512.180/006VsVu4ly8hmyzw0tvvyj30e80e8t9a.jpg?KID=imgbed,tva&Expires=1718287517&ssig=NUtkog%2BgoS",å¨±ç»¼ç››å®´,https://weibo.com/u/6345942300,0
5044572479295432,516,32,0, æµ™æ±Ÿ,ä¸ˆå¤«åœ¨å¤–é¢è·‘äº†ä¸€å¤©çš„å¤–å–ï¼Œèº«å¿ƒç–²æƒ«ï¼Œå›åˆ°å®¶è¿é¥­éƒ½åƒä¸ä¸Šï¼Œå¦»å­å´åœ¨å®¶ç¡æ‡’è§‰çœ‹å‰§...ä¸ˆå¤«ï¼šç´¯äº†ï¼ŒçœŸçš„å¥½ç´¯ http://t.cn/A6QhpfIm â€‹,120,2024-06-12,çƒ­é—¨,https://weibo.com/5044572479295432/OiHx5D0ak,"https://tvax2.sinaimg.cn/crop.0.0.1080.1080.180/0076axkzly8hmxyspobn2j30u00u0750.jpg?KID=imgbed,tva&Expires=1718287517&ssig=kJCFt5vZpm",ä¸€äº›æœ‰æ„æ€çš„è§†é¢‘,https://weibo.com/u/6504099247,1
5044174883131075,205522,9567,1496, åŒ—äº¬,"é’ä½ çš„é»„ä¸€é¸£åˆå›åº”äº†ï¼Œç›´æ¥å°±è¯´äº†å­©å­æ˜¯ç‹æ€èªçš„ 

#é»„ä¸€é¸£å­©å­##é»„ä¸€é¸£è¯´è‡ªå·±ä¸æ˜¯å¸¦çƒè·‘##é»„ä¸€é¸£å¦è®¤éœ¸å‡Œ# â€‹",101,2024-06-11,çƒ­é—¨,https://weibo.com/5044174883131075/OixbOd8xd,"https://tvax4.sinaimg.cn/crop.0.0.1080.1080.180/6c9f96b9ly8gdi7pnfryyj20u00u0jti.jpg?KID=imgbed,tva&Expires=1718287517&ssig=MUrI8Nf%2Fo%2B",å…«é…±æ—¥å¸¸,https://weibo.com/u/1822398137,0
5030597107384803,2641,50,6, å¹¿ä¸œ,æˆ‘ä¸€ç›´è®¤ä¸ºåæ™¨å®‡çš„æ¼”å”±ä¼šæœ‰ç§è¯´ä¸å‡ºæ¥çš„è‡ªç”±[é”¦é²¤é™„ä½“][é”¦é²¤é™„ä½“] http://t.cn/A6H7YT8W â€‹,83,2024-05-05,çƒ­é—¨,https://weibo.com/5030597107384803/OcPYauZ7J,"https://tvax3.sinaimg.cn/crop.0.0.640.640.180/50c02fb7ly8gi18qt5ta9j20hs0hsjs9.jpg?KID=imgbed,tva&Expires=1718287518&ssig=t1IUiDzZN3",é£è‹¥æ— ç—•0,https://weibo.com/u/1354772407,1
5044524919298449,241,27,5, æµ™æ±Ÿ,æ°¸è¿œçˆ±å‚æ™šè½»æŠšçš„å¾®é£å’Œè½æ—¥é»„æ˜   #æ¨¡ç™»æ—¥è®°##æ°§åŒ–èŠå¤•é˜³ä¹è¿æ‹# â€‹,61,2024-06-12,çƒ­é—¨,https://weibo.com/5044524919298449/OiGinD0WZ,"https://tvax4.sinaimg.cn/crop.0.0.867.867.180/e89fd0b1ly8hkyk8slvz3j20o30o3myd.jpg?KID=imgbed,tva&Expires=1718287518&ssig=js3Nq54BZS",æ°§åŒ–èŠ,https://weibo.com/u/3902787761,0
5034279391987981,25592,698,543,æ— ,ã€#å¹¼å„¿å›­è€å¸ˆå°ä¸‹é¢†èˆè¡¨æƒ…è¶…å¯çˆ±#ã€‘ è¿‘æ—¥ï¼Œæ²³å—ä¸€æ‰€å¹¼å„¿å›­çš„è€å¸ˆåœ¨å‰é¢é¢†èˆï¼Œè¡¨æƒ…åˆè®¤çœŸåˆå¯çˆ±ã€‚@äººæ°‘è§†é¢‘ http://t.cn/A6HcLLq2 â€‹,121,2024-05-15,çƒ­é—¨,https://weibo.com/5034279391987981/OenLl8lad,"https://tvax3.sinaimg.cn/crop.0.0.690.690.180/002uLDeXly8h8vh2k4apuj60j60j6gm402.jpg?KID=imgbed,tva&Expires=1718287518&ssig=kcnFwJIJRp",äººæ°‘ç½‘,https://weibo.com/u/2286908003,0
5034922908319758,925,22,15, æ±Ÿè‹,äººä»¬ä¸ä¼šå¿˜è®°å¥¹å«å¼ çº¯å¦‚ï¼Œå‘å¥¹è‡´æ•¬ï¼[å¿ƒ] â€‹,41,2024-05-17,çƒ­é—¨,https://weibo.com/5034922908319758/OeEvgyUlE,"https://tvax1.sinaimg.cn/crop.0.0.992.992.180/006yWZ0kly8hheyqmfgmxj30rk0rkab6.jpg?KID=imgbed,tva&Expires=1718287518&ssig=MKbQykL7VP",è¯„è®ºå‘˜çŸ³æ¡¥,https://weibo.com/u/6013249944,1
5043753895072809,742,8,4, ç¦å»º,è°æ•¢å’Œåˆ˜äº¦è²æ¥å»å•ŠğŸ’‹ä¼šæ™•è¿‡å»çš„  â€‹â€‹â€‹  â€‹ http://t.cn/A6HkmYUT â€‹,65,2024-06-10,çƒ­é—¨,https://weibo.com/5043753895072809/OimeNlhFv,"https://tvax4.sinaimg.cn/crop.0.0.877.877.180/b4527007ly8hmzqrjvncqj20od0oddgt.jpg?KID=imgbed,tva&Expires=1718287518&ssig=hOwpQEtfwt",çœŸæç¬‘æ’è¡Œæ¦œ,https://weibo.com/u/3025301511,0
5041190491918323,49320,213,428, åŒ—äº¬,"1981å¹´å¾·å›½
å½“æ³•å®˜å®£åˆ¤æ€å®³è‡ªå·±å¥³å„¿çš„å‡¶æ‰‹æ— ç½ª
æ¯äº²å¹³é™çš„è¿å¼€8æªäº²è‡ªæ‰‹åˆƒå‡¶æ‰‹[æ‚²ä¼¤] â€‹â€‹â€‹",86,2024-06-03,çƒ­é—¨,https://weibo.com/5041190491918323/Ohhyh832H,"https://tvax2.sinaimg.cn/crop.0.0.512.512.180/0075z29Xly8hkj7ix10e2j30e80e8aak.jpg?KID=imgbed,tva&Expires=1718287518&ssig=nzxGF%2Fg%2FAl",å¨›å¨›æ©™å­èŒ,https://weibo.com/u/6495161289,1
5044017148464923,200,3,2, å››å·,åŸƒåŠå©šç¤¼ä¸Šçš„èˆè€…ï¼Œæ–°éƒçœ‹çš„çœ¼ç¥éƒ½ç›´äº†  â€‹â€‹â€‹ http://t.cn/A6HFsVce â€‹,65,2024-06-11,çƒ­é—¨,https://weibo.com/5044017148464923/Oit5ozw71,"https://tvax4.sinaimg.cn/crop.0.0.1080.1080.180/6443948fly8hnesqm1az7j20u00u0tak.jpg?KID=imgbed,tva&Expires=1718287518&ssig=tCKEXVScoT",ä¸€ä¸ªç”œå¦¹,https://weibo.com/u/1682150543,0
5044025403113842,1718,23,24, ç¦å»º,ä¸­å›½é¾™èŠ¯ä¹‹æ¯â€”â€”é»„ä»¤ä»ª[é²œèŠ±][é²œèŠ±]#æ­£èƒ½é‡# â€‹,42,2024-06-11,çƒ­é—¨,https://weibo.com/5044025403113842/OitiId43g,"https://tvax3.sinaimg.cn/crop.0.0.260.260.180/008saguxly8h01dbf09v4j307m078a9x.jpg?KID=imgbed,tva&Expires=1718287518&ssig=lNAeTjv%2F5F",æ€æƒ³æ²¸ç‚¹,https://weibo.com/u/7745246741,0
5044817795744562,113,15,1, å†…è’™å¤,å¼ å…ƒè‹±è¿™ä¹ˆæ˜æ˜¾çš„å‡å”±éƒ½æ²¡äººè¯´ï¼Œå…¨åœ¨çœ‹äººå®¶æ‰­è…°è½¬åœˆ[è£‚å¼€]å¯¹çˆ±è±†çš„è¦æ±‚å·²ç»æ”¾çš„è¿™ä¹ˆä½äº†å—ï¼Ÿï¼ http://t.cn/A6Q70upo â€‹,109,2024-06-13,çƒ­é—¨,https://weibo.com/5044817795744562/OiNULo6qe,"https://tvax3.sinaimg.cn/crop.0.0.1065.1065.180/006XXohXly8h06zrdpexnj30tl0tlq5q.jpg?KID=imgbed,tva&Expires=1718287518&ssig=srVHJ59ZFv",æŒ‘åƒå…”,https://weibo.com/u/6382755537,1
5039089191489791,5589,417,1166, æµ™æ±Ÿ,å›½å®èƒŒå½±åº”å½“æ˜¯æœ€æ²»æ„ˆçš„ä¸€ä¸ªäº†å§ â€‹ â€‹â€‹â€‹,40,2024-05-28,çƒ­é—¨,https://weibo.com/5039089191489791/OgoT56fyT,"https://tvax1.sinaimg.cn/crop.0.0.357.357.180/006ooH8bly8hblmqe53u5j309x09xjrp.jpg?KID=imgbed,tva&Expires=1718287518&ssig=yuMjD7azFt",æç¬‘å¤§å–‡å­,https://weibo.com/u/5857314727,1
5044707910485151,21,2,1, åŒ—äº¬,"ä¸­æš‘äº†ä¹Ÿè¦ç¯çƒå½±åŸ[çˆ±ä½ ]
JURASSIC PARK çœŸçš„å¥½åƒçœ‹åˆ°äº†BLUE  â€‹",78,2024-06-13,åŒåŸ,https://weibo.com/5044707910485151/OiL3x22d1,"https://tvax2.sinaimg.cn/crop.0.0.1080.1080.180/7bd46211ly8hk9fttwfnbj20u00u0ad8.jpg?KID=imgbed,tva&Expires=1718287522&ssig=exy0WRkz0l",é¦¨æ¨¾é¦¨æœˆzxy,https://weibo.com/u/2077516305,0
5043404002297464,9,4,0, åŒ—äº¬,ä¸çŸ¥é“è¿˜ä»¥ä¸ºå‡ºå›½äº†å“ˆå“ˆå“ˆå“ˆå“ˆ â€‹,28,2024-06-09,åŒåŸ,https://weibo.com/5043404002297464/Oid8s9DFS,"https://tvax1.sinaimg.cn/crop.0.0.1080.1080.180/bcbc7eb4ly8hpl8m6jovdj20u00u0q77.jpg?KID=imgbed,tva&Expires=1718287522&ssig=AaFeNZ3nYE",ç¼ªæ–¯yu,https://weibo.com/u/3166469812,0
5044090145606745,2,0,0, åŒ—äº¬,æ•´æ•´é½é½çš„æ¸…äº®  â€‹,34,2024-06-11,åŒåŸ,https://weibo.com/5044090145606745/OiuZ8nwzn,"https://tvax2.sinaimg.cn/crop.0.0.829.829.180/006rTJ7Uly8gevip9ppi4j30n10n10sy.jpg?KID=imgbed,tva&Expires=1718287522&ssig=NxkTq5ZA6U",Indentatem,https://weibo.com/u/5909039574,0
5044575676927160,10,4,0, æ²³åŒ—,"å…œå…œè½¬è½¬åä¸ªæœˆï¼Œç»ˆäºè®¢äº†è¿™æ¬¾ã€‚
è¡¨å¸¦é˜²æ°´æµ‹è¯•ç­‰ä¸€ç³»åˆ—ä»Šå¤©ä¹Ÿæ£€æµ‹å®Œæˆâœ…
å¼€å¿ƒğŸ¥³  â€‹",97,2024-06-12,åŒåŸ,https://weibo.com/5044575676927160/OiHCft44o,"https://tvax2.sinaimg.cn/crop.0.0.1080.1080.180/aded987bly8hes0fzyurdj20u00u0tdd.jpg?KID=imgbed,tva&Expires=1718287522&ssig=n7zn1hU3t2",å¥¶èŒ¶ä¸ç”œçš„uu,https://weibo.com/u/2918029435,0
5044156043102790,40,13,1, åŒ—äº¬,è®°å½•â€”2024å¹´å¤å¤©çš„ç¬¬ä¸€æ¬¡ç‰¹å¤§é›¨  http://t.cn/A6Hsnd4Y â€‹,72,2024-06-11,åŒåŸ,https://weibo.com/5044156043102790/OiwHqd1b0,"https://tvax3.sinaimg.cn/crop.0.134.960.960.180/008c3FlLly8h0lccrm0l9j30qo0y5q7n.jpg?KID=imgbed,tva&Expires=1718287522&ssig=d0gCs92%2BiT",ZYsoar,https://weibo.com/u/7507252625,0
5044510754607140,705,116,51, åŒ—äº¬,ç¥æˆ‘ä»¬ æ¯•ä¸šå¿«ä¹ğŸ“#æ¯•ä¸šå­£##ä¸­å¤®æˆå‰§å­¦é™¢#  â€‹,62,2024-06-12,åŒåŸ,https://weibo.com/5044510754607140/OiFVxjkwI,"https://tvax2.sinaimg.cn/crop.0.0.512.512.180/a8ac4524ly8hqlt09maarj20e80e8gm9.jpg?KID=imgbed,tva&Expires=1718287522&ssig=zS4D9n24d8",é™ˆå©§æ—¸,https://weibo.com/u/2829862180,0
5044540394178755,142,22,0, å®‰å¾½,"ä¸€äº›å©šç¤¼ç¢ç‰‡ğŸ‘°
ç»“å®Œå©šçš„ç¬¬äºŒå¤©ä¸¤ä¸ªäººç›´æ¥ç´¯åˆ°é‡æ„Ÿå†’ï¼Œè¿˜å¥½åœ†æ»¡ç»“æŸäº†ï¼
ç°åœ¨å¼€å§‹æœŸå¾…æ—…è¡Œâœˆï¸[å½©è™¹å±] â€‹",98,2024-06-12,åŒåŸ,https://weibo.com/5044540394178755/OiGHlhx5h,"https://tvax3.sinaimg.cn/crop.0.0.828.828.180/006wgS62ly8hdc5sgkxfmj30n00n075p.jpg?KID=imgbed,tva&Expires=1718287522&ssig=bnd6IVtLDp",Jeanji-,https://weibo.com/u/5973660942,0
5044578541373960,3,1,0, åŒ—äº¬,ç‹‚é£éª¤é›¨ç”µé—ªé›·é¸£  http://t.cn/A6QhOb3m â€‹,58,2024-06-12,åŒåŸ,https://weibo.com/5044578541373960/OiHGS5LqE,"https://tvax3.sinaimg.cn/crop.0.0.1008.1008.180/007gSlFlly8ghju4liiwnj30s00s0aeg.jpg?KID=imgbed,tva&Expires=1718287522&ssig=SDrHWvZmZW",å¤¢ä¸­çš„å¯§éœ,https://weibo.com/u/6662304199,0
5044124257878738,40,5,7, åŒ—äº¬,å­©å­å’€åš¼ä¸å¥½ï¼Œæ¶ˆåŒ–ä¹Ÿå¼±ï¼Œå®¶é•¿è¯¥æ€ä¹ˆåšï¼Ÿ #å´”ç‰æ¶›è°ˆå–‚å…»#  http://t.cn/A6HsT0RI â€‹,102,2024-06-11,åŒåŸ,https://weibo.com/5044124257878738/OivS9x3Cq,"https://tva4.sinaimg.cn/crop.0.0.180.180.180/62af7213jw1e8qgp5bmzyj2050050aa8.jpg?KID=imgbed,tva&Expires=1718287522&ssig=oI1%2B3FgEoJ",å´”ç‰æ¶›,https://weibo.com/u/1655665171,0
5044576695881206,1,0,0, åŒ—äº¬,"24å¹´6æœˆ12æ—¥ åŒ—äº¬ä¸°å° è¿æ˜¥é¢é¦†
è¦çŸ¥é“è¿™å¯æ˜¯â€œé£Ÿç¥â€é™ˆæ™“å¿è€å¸ˆæ¨èçš„åœ°æ–¹ï¼Œå¯è§ç»éä¸€èˆ¬ã€‚
æ­¤åº—çš„è€æ¿æ˜¯æ¸©å·äººï¼Œä»–ä¹Ÿä»£è¡¨æµ™æ±Ÿäººæ¥äº¬åˆ›ä¸šçš„ä¸€æ®µä¸å¹³å‡¡çš„ç»å†ã€‚å› ä¸ºè¿™åœ°æ–¹å¾ˆä¹…ä»¥å‰è¢«ç§°ä¸ºâ€œæµ™æ±Ÿæ‘â€ï¼Œè¿™æ˜¯ä¸€ä¸ªå±äºé‚£ä¸ªæ—¶ä»£çš„åå­—ã€‚æµ™æ±Ÿäººåœ¨æ­¤åœ°èšé›†ï¼Œå¹¶å¼€å§‹ç»è¥æœè£…é‹å¸½ç­‰äº§å“ã€‚æœ€ç»ˆåœ¨å¤§çº¢é—¨ä»¥å—çš„å¹¿å¤§ â€‹",811,2024-06-12,åŒåŸ,https://weibo.com/5044576695881206/OiHDToFYa,"https://tva3.sinaimg.cn/crop.0.13.232.232.180/566fa959jw8f2dvd3xvpuj206t08ct9s.jpg?KID=imgbed,tva&Expires=1718287522&ssig=w%2F7FRop7ZS",é‚“é±¼æ›°æ¯”,https://weibo.com/u/1450158425,0
5044480424018194,7,2,1, åŒ—äº¬,"åŒ—äº¬é‡ç”ŸåŠ¨ç‰©å›­çœŸçš„å¥½å¥½ç©[æ³ª][æ³ª]
ä¸‹é›¨å¤©çš„åŠ¨ç‰©å›­äººç‰¹åˆ«å°‘
å°ç†ŠçŒ«çœŸçš„çœŸçš„å¥½å¯çˆ±[è‹¦æ¶©][è‹¦æ¶©][è‹¦æ¶©]  â€‹",114,2024-06-12,åŒåŸ,https://weibo.com/5044480424018194/OiF8CgRjA,"https://tvax3.sinaimg.cn/crop.0.0.512.512.180/002I3KeWly8gukj6zza5rj60e80e80ta02.jpg?KID=imgbed,tva&Expires=1718287524&ssig=p13T3a3%2BSe",å°æµ£ç†Šç†Šç†Šä¸¶,https://weibo.com/u/2483317182,0
5044040704462016,59,6,0, åŒ—äº¬,è¦ç¢äº†â€¦â€¦ä»€ä¹ˆæ­£å¸¸äººèƒ½æƒ³å‡ºè¿™ç§åŠ¨ä½œå‘¢[ä¼¤å¿ƒ][ä¼¤å¿ƒ] â€‹,48,2024-06-11,åŒåŸ,https://weibo.com/5044040704462016/OitHoiIM0,"https://tvax3.sinaimg.cn/crop.0.0.1080.1080.180/007DPViIly8hclhnexp17j30u00u0aav.jpg?KID=imgbed,tva&Expires=1718287524&ssig=7SIK%2BvE7qB",é«˜å†·å¤§è’œå…¬ä¸»,https://weibo.com/u/7001581924,0
5044197213606064,571,56,27, åŒ—äº¬,"#é»„èª‰åš[è¶…è¯]# hyb#é»„èª‰åš# 
â€œæµ·æ¶›å“¥ è¿™æ˜¯æˆ‘çš„ç²‰ä¸ä»¬â€  http://t.cn/A6QvbFdV â€‹",94,2024-06-11,åŒåŸ,https://weibo.com/5044197213606064/OixLPf86k,"https://tvax1.sinaimg.cn/crop.0.0.1080.1080.180/006GuuMtly8hpj96v9534j30u00u0q5r.jpg?KID=imgbed,tva&Expires=1718287524&ssig=oIsWdRItjH",éº¦ç’‡é£åŒå­¦,https://weibo.com/u/6124671269,0
5044411031880481,2028,257,203, åŒ—äº¬,"å»è¿‡å¥½å‡ ä¸ªåŒ—äº¬è¿‘éƒŠæˆ–å¤–åœ°çš„æ±¤æ³‰å°é™¢å„¿ï¼Œæ¯æ¬¡è·¯é€”å°±ç´¯çš„å¤Ÿå‘›ğŸš—è¿™æ¬¡ç»ˆäºå¼€è¾Ÿäº†â€œæ–°å¤©åœ°â€ï¼æ‰“è½¦å››åå¤šåˆ†é’Ÿå°±åˆ°äº†âœŒï¸

è¿™ä¸ªæ±¤æ³‰å°±åœ¨æ¸©åº¦æ°´åŸé‡Œï¼Œå¤§é—¨å¹³å¹³æ— å¥‡ï¼Œæ‰“å¼€é—¨ç®€ç›´å°±æ˜¯åèŠ±å›­ï¼é¢ç§¯ä¸å¤§ä½†æ¯ä¸€å¤„éƒ½å¥½ç”¨å¿ƒâ›²ï¸å›­æ—åº­é™¢çš„æ„Ÿè§‰å¤ªå¥½äº†ğŸ¡æŠ¬å¤´èƒ½çœ‹åˆ°æ—è¾¹çš„å†™å­—æ¥¼å“ˆå“ˆæ„Ÿè§‰è¿˜æŒºå¥‡å¦™çš„~

æˆ¿é—´é‡Œæœ‰å®¤å†… â€‹",1114,2024-06-12,åŒåŸ,https://weibo.com/5044411031880481/OiDkH7Tcl,"https://tvax2.sinaimg.cn/crop.0.0.512.512.180/6ae4447dly8go872mdeo3j20e80e8q3s.jpg?KID=imgbed,tva&Expires=1718287524&ssig=dlNiTSrGYU",æ³¥æ³¥æ˜¯å¦®å¦®,https://weibo.com/u/1793344637,0
5044787859687152,5,5,0, åŒ—äº¬,"liveé‡Œä¸åœ¨æ„ç¾ä¸½
åªæœ‰ç”Ÿå‘½åŠ›  â€‹",48,2024-06-13,åŒåŸ,https://weibo.com/5044787859687152/OiN8tEE4o,"https://tvax1.sinaimg.cn/crop.0.0.1080.1080.180/dce27b5bly8hikbd5r5mij20u00u03zv.jpg?KID=imgbed,tva&Expires=1718287524&ssig=gLiiNcMAtH",é‡å…½è›‹é»„é…¥å¿ƒæ´¾,https://weibo.com/u/3705830235,0
5044715089037195,5,1,0, åŒ—äº¬,ç»ˆäºè¿˜æ˜¯ç­‰æ¥äº†ç»ç®¡çš„æ¯•ä¸šæ™šä¼šï¼Œä¸€å¹´å‰è¿˜åœ¨æ„Ÿå¹å­¦å§å¥¹ä»¬ï¼Œç»“æœä»Šå¤©å°±åˆ°äº†è‡ªå·±#ç»ç®¡å­¦é™¢æ¯•ä¸šç”Ÿæ™šä¼š#  â€‹,112,2024-06-13,åŒåŸ,https://weibo.com/5044715089037195/OiLf6BUZd,"https://tvax2.sinaimg.cn/crop.0.0.512.512.180/007aamCsly8hqj07xsgszj30e80e8gml.jpg?KID=imgbed,tva&Expires=1718287524&ssig=KTNFp2u5cT",woliå…ƒæ°”æ¡ƒæ¡ƒ,https://weibo.com/u/6563163416,0
5044737230766108,43,2,0, æ²³å—,"å¹¸ç¦æœ‰å¾ˆå¤šç§ æ¯”å¦‚å·²ç»èº«åœ¨ç¦ä¸­äº†â¤ï¸
æ¥ä¸‹æ¥çš„æ—¥å­å°±æ˜¯ å…»å¥½èº«ä½“ï½ æ‚ç™½ç™½ æŠ¤è‚¤ğŸ§´ â€‹",79,2024-06-13,åŒåŸ,https://weibo.com/5044737230766108/OiLOP3diA,"https://tvax1.sinaimg.cn/crop.0.0.512.512.180/0065C6Kmly8hb526br90zj30e80e8mxx.jpg?KID=imgbed,tva&Expires=1718287524&ssig=dhr2REkKLc",æ©˜è‰²çš„ä¸¹ä¸¹çš®,https://weibo.com/u/5579761074,0
5044159516513045,5,3,0, åŒ—äº¬,åŒ—äº¬çš„é›·ç”µï¼Œå¤§é›¨å€¾ç›†  http://t.cn/A6Hsm0aS â€‹,62,2024-06-11,åŒåŸ,https://weibo.com/5044159516513045/OiwN1rkl7,"https://tvax2.sinaimg.cn/crop.0.0.1080.1080.180/3e001b9ely8hpxblnoi46j20u00u0dmy.jpg?KID=imgbed,tva&Expires=1718287524&ssig=tV916lzCgd",æ‰‹æœºç”¨æˆ·1040194462,https://weibo.com/u/1040194462,0
5044401438983381,12,5,0, åŒ—äº¬,å¼ºåˆ¶å¼€æœº  â€‹,29,2024-06-12,åŒåŸ,https://weibo.com/5044401438983381/OiD5dBGZf,"https://tvax2.sinaimg.cn/crop.0.0.1080.1080.180/b17976a6ly8hqlsxhmhnxj20u00u0jth.jpg?KID=imgbed,tva&Expires=1718287524&ssig=PUbRLXJ2W9",è„†çš®æ‹¿é“è€ç¦è´µ,https://weibo.com/u/2977527462,0
5044514378748488,6,0,0, åŒ—äº¬,ç¬¬ä¸€æ¬¡åœ¨å­¦æ ¡èµ¶å¤§é›†æœ‰ç‚¹ä¸é€‚åº”  â€‹,48,2024-06-12,åŒåŸ,https://weibo.com/5044514378748488/OiG1nAHSE,"https://tvax2.sinaimg.cn/crop.0.0.1080.1080.180/005DkwFHly8hp19ji0ahqj30u00u0421.jpg?KID=imgbed,tva&Expires=1718287524&ssig=qP2NtauEi2",æ˜æ—©èµ·åºŠç˜¦ä¸‰é‡‘å¥³å£«,https://weibo.com/u/5161833417,0
5044861131035437,5284,825,15, é»‘é¾™æ±Ÿ,å‡‘å·§å»¶è¯¯ æ™šä¸Šåº”è¯¥ä¼šæ¯”è¾ƒå¾ˆæ™šæ’­ä¸æ’­å§ http://t.cn/A6Q788Uk â€‹,56,2024-06-13,æ¦œå•,https://weibo.com/5044861131035437/OiP2F4lmB,"https://tvax4.sinaimg.cn/crop.0.0.868.868.180/005EUb7ply8h85rjjw7d0j30o40o43zd.jpg?KID=imgbed,tva&Expires=1718287528&ssig=YwJPqmHfGY",èŠ±å°é¾™Oy,https://weibo.com/u/5185106711,0
5044856909208090,33286,3685,6594, æµ™æ±Ÿ,æœ€è¿‘çš„åŠ ç»ƒâ€œç©ºä¸­ç‘œä¼½â€ï¼Œå¨äºšè›®å¥½ç©çš„ï¼Œå°±æ˜¯æœ‰ç‚¹è´¹æˆ‘å“ˆå“ˆå“ˆå“ˆ[ç¬‘cry]#å…å“’é€Ÿé€’æ—¥å¸¸##å¥½å¥½åƒé¥­# â€‹,89,2024-06-13,æ¦œå•,https://weibo.com/5044856909208090/OiOVQCDrA,"https://tvax3.sinaimg.cn/crop.0.0.1080.1080.180/9dc128d2ly8gdicoqqkw3j20u00u0dj3.jpg?KID=imgbed,tva&Expires=1718287528&ssig=aiEEAQuE0g",æ—å…Jelly,https://weibo.com/u/2646681810,0
5044852913603097,8563,2616,2879, å±±ä¸œ,å°æµª@å¾®åšéŸ³ä¹ æˆ‘ä¹Ÿåˆ°é’å³¶äº†â˜ï¸ä¸çŸ¥é“æœ‰æ²’æœ‰è·Ÿä½ æ“¦è‚©è€ŒéğŸ˜¹æœ€è¿‘æ™šä¸Šæœƒæœ‰é»æ¶¼çˆ½ï¼Œå¤§å®¶è¨˜å¾—å¸¶è‘—é•·è¢–å¤–å¥—ï¼Œå°æµªä¹Ÿæ˜¯å–”ï¼#å¾®åšç‹¬å®¶æ¢ç­é™¶å–†æ¼”å”±ä¼š#  â€‹,156,2024-06-13,æ¦œå•,https://weibo.com/5044852913603097/OiOPpf7kt,"https://tvax3.sinaimg.cn/crop.0.0.1080.1080.180/001MmUngly8hg2fdt9egfj60u00u0whq02.jpg?KID=imgbed,tva&Expires=1718287528&ssig=yY2u1zzS4H",é™¶å–†,https://weibo.com/u/1630856882,0
5044836826616063,18129,6089,9825, ä¸Šæµ·,#å…­æ¡ƒçš„é—ªå…‰ç¢ç‰‡# ä¸ä½ ç›¸é‡åœ¨é‚£ç‰‡æµ·ğŸŒŠ â€‹,37,2024-06-13,æ¦œå•,https://weibo.com/5044836826616063/OiOpsrL8H,"https://tvax3.sinaimg.cn/crop.0.0.512.512.180/001j1iccly8hlrunc4hfnj60e80e83yw02.jpg?KID=imgbed,tva&Expires=1718287528&ssig=tRYl080fnG",åˆ˜æ¶›tamia,https://weibo.com/u/1197191492,0
5044853786280127,14907,3004,836, æ¹–å—,"ä¸æ€•è¢«ç¬‘è¯ 
æˆ‘å¾ˆä¸å–œæ¬¢è¿™ä¸ªæ¸¸æˆ 
å› ä¸ºä»å‡ºç”Ÿåˆ°ç°åœ¨æˆ‘ä¸€æ¬¡ä¹Ÿæ²¡æœ‰å¤¹åˆ°è¿‡ 
æ˜¯ä¸€æ¬¡ä¹Ÿæ²¡æœ‰ â€‹",80,2024-06-13,æ¦œå•,https://weibo.com/5044853786280127/OiOQOqlKn,"https://tvax3.sinaimg.cn/crop.0.0.512.512.180/001pITzOly8h4hwnrxoz4j60e80e8my902.jpg?KID=imgbed,tva&Expires=1718287528&ssig=yOb6fJ0fST",è‹é†’AllenSu,https://weibo.com/u/1296241304,0
5044391955662869,19023,781,653, ç¦å»º,"æ—¶ä»£å³°å³»ä¸‰ä»£ç»ƒä¹ ç”Ÿçš„å‡ºé“å®å½•ã€Šç™»é™†æ—¥ã€‹å•äººå…¬å¼ç…§å®˜å®£ğŸˆ¶ ä½ æœ€çœ‹å¥½è°ï¼Ÿ

æœ±å¿—é‘« | å¼ æ³½ç¦¹ | å¼ æ | å·¦èˆª | è‹æ–°çš“ 
å¼ å³»è±ª | ä½™å®‡æ¶µ | ç©†ç¥‰ä¸ | é™ˆå¤©æ¶¦ | ç«¥ç¦¹å¤ 
é‚“ä½³é‘« | é»„æœ” | å¼ å­å¢¨ | å§šæ˜Ÿè¾°

 #æ”»å‡»åŠ›æå¼ºçš„ç²‰ä¸å# â€‹â€‹â€‹
#TFä¸‰ä»£å‡ºé“æˆ˜å•äººå…¬å¼ç…§# â€‹â€‹â€‹ http://t.cn/A6QvepTD â€‹",269,2024-06-12,æ¦œå•,https://weibo.com/5044391955662869/OiCPVnLaB,"https://tvax4.sinaimg.cn/crop.0.0.766.766.180/0076IMQYly8h8v3sljwzqj30la0lawes.jpg?KID=imgbed,tva&Expires=1718287528&ssig=wN8SQDzqkg",æ–°æµªFanå¨±ä¹,https://weibo.com/u/6512262068,0
5044003456419455,10846,1491,535, å››å·,"#ç‹è€…æ–°è‹±é›„å…ƒæµä¹‹å­##æ–°è‹±é›„å…ƒæµä¹‹å­å³å°†ä¸Šçº¿ä½“éªŒæœ#
ç‹è€…é¦–ä¸ªå¤šèŒä¸šè‡ªé€‰è‹±é›„â€œå…ƒæµä¹‹å­â€å³å°†ä¸Šçº¿ä½“éªŒæœï¼æˆ‘ä»¬å¸Œæœ›èƒ½ä¸ºå¤§å®¶æä¾›æ›´è‡ªç”±ä¸ªæ€§åŒ–çš„è‹±é›„æˆ˜æ–—ä½“éªŒï¼Œè®©ç©å®¶ä»¥æ›´ä»£å…¥æ„Ÿçš„æ–¹å¼æˆä¸ºä¸€ä¸ªè‹±é›„[èµ¢ç‰›å¥¶]

[æ˜Ÿæ˜Ÿ]ã€è‡ªé€‰èŒä¸šã€‘
å…ƒæµä¹‹å­å¯ä»¥è§£é”å¤šç§èŒä¸šï¼Œæ¯ä¸ªèŒä¸šæœ‰å¯¹åº”çš„ä¸€å¥—æŠ€èƒ½ç»„ã€‚æœ¬æ¬¡ä½“éªŒæœå°†æŠ¢ â€‹",656,2024-06-11,æ¦œå•,https://weibo.com/5044003456419455/OisJjqVZB,"https://tvax3.sinaimg.cn/crop.0.0.1024.1024.180/006dCke7ly8h8uyj78aq5j60sg0sg78502.jpg?KID=imgbed,tva&Expires=1718287528&ssig=68UlE19vdU",ç‹è€…è£è€€,https://weibo.com/u/5698023579,0
5044841828847052,12050,1098,378,æ— ,"ã€#2023å±Šæœ¬ç§‘ç”Ÿæœˆå‡æ”¶å…¥6050å…ƒ#ï¼Œ#2023å±Šæœ¬ç§‘ç”Ÿä»…7%æœˆå‡æ”¶å…¥è¿‡ä¸‡#ã€‘éº¦å¯æ€2024ç‰ˆå°±ä¸šè“çš®ä¹¦ï¼ˆåŒ…æ‹¬ã€Š2024å¹´ä¸­å›½æœ¬ç§‘ç”Ÿå°±ä¸šæŠ¥å‘Šã€‹ã€Š2024å¹´ä¸­å›½é«˜èŒç”Ÿå°±ä¸šæŠ¥å‘Šã€‹ï¼‰æ•°æ®æ˜¾ç¤ºï¼Œ2023å±Šæœ¬ç§‘ã€é«˜èŒæ¯•ä¸šç”Ÿå¹³å‡æœˆæ”¶å…¥åˆ†åˆ«ä¸º6050å…ƒã€4683å…ƒï¼Œè¾ƒä¸Šä¸€å±Šï¼ˆæœ¬ç§‘ï¼š5990å…ƒï¼Œé«˜èŒ4595å…ƒï¼‰ç¨³ä¸­æœ‰å‡ã€‚

æŠ¥å‘Šæ˜¾ç¤ºï¼Œä»åº”å±Šå¤§ â€‹",580,2024-06-13,æ¦œå•,https://weibo.com/5044841828847052/OiOxwB7wo,"https://tvax4.sinaimg.cn/crop.0.0.512.512.180/0026p7eXly8h8vhdgp7tej60e80e8wer02.jpg?KID=imgbed,tva&Expires=1718287528&ssig=dkYl1ChBCx",ç¬¬ä¸€è´¢ç»æ—¥æŠ¥,https://weibo.com/u/1926909715,1
5044789135540468,4433,1127,50, å¹¿ä¸œ,"åŠ åŠ Ace3 Proç»ˆäºæ‘¸åˆ°äº†ï¼ŒåŒæœŸå”¯ä¸€é‡‘å±ä¸­æ¡†+3Dä¸€ä½“åŒ–é™¶ç“·ï¼Œæˆ‘æ•°äº†ä¸€ä¸‹æ˜¯104é“é•­é›•é£çº¿çº¹ç†ï¼Œè´¨æ„Ÿåšå·¥å¯ä»¥ç›´æ¥æ¯”è‚©æŸé«˜ç«¯å¤§å¸ˆä¸‡å…ƒæœºï¼Œæ‡‚ï¼Ÿ
ç¬¬ä¸€æ¬¡åœ¨ä¸­é«˜æ¡£ä½è§åˆ°è¿™ç§è´¨æ„Ÿçš„äº§å“ï¼Œè¿™æ³¢å¯ä»¥é”å®šä¸‡å…ƒä»¥å†…æœ€å¼ºè´¨æ„Ÿæ€§èƒ½æœº[doge][doge] â€‹",211,2024-06-13,æ¦œå•,https://weibo.com/5044789135540468/OiNaxnfko,"https://tvax1.sinaimg.cn/crop.0.0.1080.1080.180/006BlblIly8gdim8sx8poj30u00u0adb.jpg?KID=imgbed,tva&Expires=1718287528&ssig=hx5xC7tiyn",æ•°ç é—²èŠç«™,https://weibo.com/u/6048569942,0
5044778490922616,3272,2466,5, å¹¿ä¸œ,"#2024KPLå¤å­£èµ›# å¸¸è§„èµ›ç¬¬ä¸€è½®W1D2
[æ˜Ÿæ˜Ÿ]14:00 ä¸Šæµ·RNG.M vs é•¿æ²™TES.A #RNGMå¯¹æˆ˜TES# 
[æ˜Ÿæ˜Ÿ]17:00 å—äº¬Heroä¹…ç« vs ä¸Šæµ·EDG.M #Heroå¯¹æˆ˜EDGM# 
[æ˜Ÿæ˜Ÿ]20:00 æ­å·LGD.NBW vs è¥¿å®‰WE #LGDå¯¹é˜µWE# 

é¦–å‘æˆå‘˜ä¸€äººæœªå˜çš„ä¸Šæµ·@RNGMç”µå­ç«æŠ€ä¿±ä¹éƒ¨ ä¸è¿æ¥@eStarProé»æ˜ (é»æ˜) åŠ å…¥çš„é•¿æ²™ â€‹",617,2024-06-13,æ¦œå•,https://weibo.com/5044778490922616/OiMTn3S0U,"https://tvax3.sinaimg.cn/crop.0.0.600.600.180/6f0b57d3ly8hpxak2a0r3j20go0got9r.jpg?KID=imgbed,tva&Expires=1718287528&ssig=GB3qVkOQsz",KPLç‹è€…è£è€€èŒä¸šè”èµ›,https://weibo.com/u/6074356560,0
5044843164206402,12093,1471,412, æµ™æ±Ÿ,ğŸ“ˆ400 ä¸‡[å¿ƒ]è¯¥ç»™å¤§å®¶æ¥ç‚¹ä»€ä¹ˆç¦åˆ©å‘¢[å®³ç¾][å®³ç¾][å®³ç¾]å¤§èƒ†è¯´#å¢¨é›¨äº‘é—´##æ½˜å®¥è¯š# â€‹,78,2024-06-13,æ¦œå•,https://weibo.com/5044843164206402/OiOzGhEhc,"https://tvax2.sinaimg.cn/crop.0.0.512.512.180/93fc3339ly8hqav8tk1utj20e80e8aau.jpg?KID=imgbed,tva&Expires=1718287528&ssig=81jtWpY4ge",æ½˜å®¥è¯š,https://weibo.com/u/2482778937,0
5044828031420599,9993,225,57,æ— ,#é™ˆä¸½å›ç”µå½±æ–°é¾™é—¨å®¢æ ˆæœ‰æœ›æš‘æœŸä¸Šæ˜ # ç¬¬11å±Šä¸Šæµ·å›½é™…ç”µå½±è®ºå›æš¨å±•è§ˆä¼šï¼ŒUME\åäººæ–‡åŒ–ç”µå½±é™¢çº¿è‘£äº‹é•¿è‹ä½³é€éœ²ï¼šé™ˆä¸½å›æäº‘éœ„ä¸»æ¼”çš„è¶Šå‰§ç”µå½±ã€Šæ–°é¾™é—¨å®¢æ ˆã€‹æœ‰æœ›ä»Šå¹´æš‘æœŸä¸Šæ˜ ã€‚å€¼å¾—æœŸå¾…ï¼#æ˜Ÿå…‰ç”µå½±æ„¿# http://t.cn/A6Q7lf27 â€‹,204,2024-06-13,æ¦œå•,https://weibo.com/5044828031420599/OiObh5XyT,"https://tvax3.sinaimg.cn/crop.0.0.640.640.180/61783df4ly8h8vga95tjhj20hs0hs0t8.jpg?KID=imgbed,tva&Expires=1718287528&ssig=axjfa5i7pY",1905ç”µå½±ç½‘å®˜åš,https://weibo.com/u/1635270132,0
5044849859891923,53371,9870,38336, åŒ—äº¬,#618å¼€å¿ƒå¤œå…¨é˜µå®¹å®˜å®£# 6æœˆ17æ—¥19:30ï¼Œæ¥@æ¹–å—å«è§† @èŠ’æœTV #618å¼€å¿ƒå¤œ# @æ‘©ç™»å…„å¼Ÿåˆ˜å®‡å® èµ°å…¥çƒ­è¡€æ±Ÿæ¹–ï¼Œæ„Ÿå—çƒ­è¾£äººç”Ÿï¼Œèµé™å®šostç»„æ›²èˆå°ï¼ â€‹,131,2024-06-13,æ¦œå•,https://weibo.com/5044849859891923/OiOKtFvl9,"https://tvax4.sinaimg.cn/crop.0.0.1080.1080.180/007Z6Djfly8hldzi7n7acj30u00u040u.jpg?KID=imgbed,tva&Expires=1718287528&ssig=jU07XYKK%2Ft",åˆ˜å®‡å®LYNå·¥ä½œå®¤,https://weibo.com/u/7315867397,0
5044741350101942,11910,565,323, å¤©æ´¥,"#é¾šä¿Šå¤§ç”·ä¸»# 
é¾šä¿Šçš„å¤§ç”·ä¸»å‰§ã€Šæš—æ²³ä¼ ã€‹å¼€æœºäº† æ™šä¸Šè¿˜æœ‰æ— äººæœºåº”æ´
è¿™æ˜¯å¤§ç”·ä¸»çš„æ’é¢å—
#é¾šä¿Šæš—æ²³ä¼ æ— äººæœºåº”æ´##æš—æ²³ä¼ å¼€æœº# â€‹",117,2024-06-13,æ¦œå•,https://weibo.com/5044741350101942/OiLVt0qwe,"https://tva1.sinaimg.cn/crop.0.0.750.750.180/6decce9fjw8evqwxuve23j20ku0kuta0.jpg?KID=imgbed,tva&Expires=1718287528&ssig=vr%2BxLFhOSX",å¨±ä¹åœˆå¤–æ±‰,https://weibo.com/u/1844235935,0
5044826476647003,17589,3626,3160, ä¸Šæµ·,"#å‘¨æ·±[è¶…è¯]##2024å‘¨æ·±9.29Hzå·¡å›æ¼”å”±ä¼š# 
å€’æ•°å£°å£°çš„å°½å¤´ï¼Œæ˜¯åœ¨ç’€ç’¨ç¯å…‰ä¸‹åŒé¢‘çš„å¿ƒè·³ã€‚#å‘¨æ·±æˆéƒ½æ¼”å”±ä¼š# è§‚æ¼”æ”»ç•¥è¯·æŸ¥æ”¶~

åˆå¤å¤©æ°”ç‚çƒ­ï¼Œå¤§å®¶è®°å¾—æå‰æŸ¥çœ‹å¤©æ°”é¢„æŠ¥ï¼Œåšå¥½é˜²æŠ¤æªæ–½ï¼Œå‡ºè¡Œæ³¨æ„å®‰å…¨ã€‚æ„¿å¤§å®¶èƒ½å’Œå‘¨æ·±@å¡å¸ƒå»_å‘¨æ·± å…±åº¦å±äº9.29Hzé¢‘ç‡çš„ç¾å¥½å¤œæ™šï¼ â€‹",241,2024-06-13,æ¦œå•,https://weibo.com/5044826476647003/OiO8LrTbJ,"https://tvax3.sinaimg.cn/crop.0.0.512.512.180/008a8vTgly8heihrtkqqjj30e80e83yq.jpg?KID=imgbed,tva&Expires=1718287528&ssig=R64ZC013fA",å‘¨æ·±å·¥ä½œå®¤,https://weibo.com/u/7478855230,0
5044806367844305,14995,1927,3872, æ±Ÿè‹,"ä¸»é¡µï¼šhttp://t.cn/A6ONnkH8 
uidï¼š7651397103
è¿™ä¸ªé‚“ä¸ºç²‰ä¸ä¸»é¡µå·²ç»å…¨éƒ¨å­˜è¯å½•å±å•¦

@ä¸Šæµ·ä¹æ³½å¾‹å¸ˆäº‹åŠ¡æ‰€å®˜æ–¹å¾®åš @è‚–æˆ˜å·¥ä½œå®¤ å·²å­˜è¯å‘é‚®ç®±ï¼Œæ³¨æ„æŸ¥æ”¶[æ±‚é¥¶]è¿˜æœ‰å…¶ä»–ä¸€äº›ä¹Ÿéƒ½æ‰“åŒ…äº†ï¼ŒçŸ¥é“ä½ ä»¬æœ‰å‘Šé»‘å®ç»©ï¼Œå’±å°±æ˜¯è¯´ä¸€æ•´ä¸ªå¤§æœŸå¾…ï¼ â€‹",214,2024-06-13,æ¦œå•,https://weibo.com/5044806367844305/OiNCkwUF3,"https://tvax2.sinaimg.cn/crop.0.0.664.664.180/006gM25zly8hobrxxju22j30ig0igt9m.jpg?KID=imgbed,tva&Expires=1718287528&ssig=DrgQ%2BgmbPg",å¤§å§‘å¨˜12138,https://weibo.com/u/5744666145,0
5044745812053266,8130,3466,4350, å››å·,#ä¹Œå°”å–„æ–°ç‰‡å¼‚äººä¹‹ä¸‹å®šæ¡£# ç‚è‰²è¶Šç²‰ï¼Œå‡ºæŒè¶Šç‹ ï¼7æœˆ26æ—¥æ¥å½±é™¢ï¼Œä½ ä¹Ÿèƒ½æœ‰å¥½ç‚è‰²ã€‚#ç”µå½±å¼‚äººä¹‹ä¸‹æµ·æŠ¥ç‚è‰²å¥½å¥½# â€‹,102,2024-06-13,æ¦œå•,https://weibo.com/5044745812053266/OiM2F8C9c,"https://tvax4.sinaimg.cn/crop.0.0.1080.1080.180/0073pfEZly8hqniexd0btj30u00u0q7h.jpg?KID=imgbed,tva&Expires=1718287528&ssig=8XriGuq1bR",å¨œç„¶Naran,https://weibo.com/u/6463277233,0
5043807962533747,33903,24007,60875, æµ™æ±Ÿ,"ç«¯åˆå®‰åº·å“Ÿ[å“‡]
ç²½å­å¤ªå¤ªå¤ªå¥½åƒå•¦ï¼#åƒåƒå–å–è¿‡ç«¯åˆ##ä¸€æ¡å¾®åšæ™’ç«¯åˆ# â€‹",65,2024-06-10,æ¦œå•,https://weibo.com/5043807962533747/OinE0aD8T,"https://tvax1.sinaimg.cn/crop.0.0.1080.1080.180/79e1b0cdly8hlefrw535fj20u00u0dgx.jpg?KID=imgbed,tva&Expires=1718287528&ssig=eyyUDefST%2B",ç‹è‰ºç‘¾,https://weibo.com/u/2044833997,0
5044853717079457,7870,2159,3270, æµ™æ±Ÿ,"#é¾šä¿Šè‹æš®é›¨# GJ  #é¾šä¿Š æš—æ²³ä¼ #

é»‘å¤œè¿½æœˆï¼Œæ·±æ¸Šå¯»å…‰ http://t.cn/A6Q7QIK1 â€‹",71,2024-06-13,æ¦œå•,https://weibo.com/5044853717079457/OiOQHtHGN,"https://tvax2.sinaimg.cn/crop.0.0.996.996.180/00854CTNly8gp97e9h06xj30ro0rogmj.jpg?KID=imgbed,tva&Expires=1718287528&ssig=b2YKPJinNj",å·²è¯»_é¾šä¿Š1129,https://weibo.com/u/7404047179,0
5044819061114162,29416,12208,22856, æ±Ÿè‹,ç‹¬ç‰¹çš„æˆ‘ï¼Œè‡ªæˆä¸€æ´¾ï¼Œ6æœˆ17æ—¥19:30ï¼Œ@æ¹–å—å«è§† @èŠ’æœTV #618å¼€å¿ƒå¤œ# èˆå°è§ï¼#618å¼€å¿ƒå¤œå…¨é˜µå®¹å®˜å®£# â€‹,93,2024-06-13,æ¦œå•,https://weibo.com/5044819061114162/OiNWO4FQm,"https://tvax3.sinaimg.cn/crop.0.0.1080.1080.180/002fS1hdly8gj4be03f33j60u00u0gmz02.jpg?KID=imgbed,tva&Expires=1718287528&ssig=VjE7D4KFI0",åˆ˜å¿»,https://weibo.com/u/2066785327,0
5044739667398593,41046,1706,8183, åŒ—äº¬,"#ç”µè§†å‰§åº¦åå¹´[è¶…è¯]# #åº¦åå¹´# 
å˜‰ç¤¼ä¼ å¿ƒè¯­ï¼Œç›¸æ€å¤šç¼ ç»µğŸ«¶è¯·æŸ¥æ”¶æ¥è‡ªæè“‰&è£´æ–‡å®£çš„å¤§å©šçè´µå½±åƒï½
é¢†è¡”ä¸»æ¼”ï¼š@èµµä»Šéº¦angel @å¼ å‡Œèµ«z 
#åº¦åå¹´å¤§å©šæµ·æŠ¥# #åº¦åå¹´å¤§å©šèŠ±çµ®# 
ä¼˜é…·é¢„çº¦ï¼šhttp://t.cn/A6lWFB9l
å¾®åšé¢„çº¦ï¼šhttp://t.cn/A6lbt6NR http://t.cn/A6Q7vG78 â€‹",245,2024-06-13,æ¦œå•,https://weibo.com/5044739667398593/OiLSKv2I9,"https://tvax3.sinaimg.cn/crop.0.0.500.500.180/008xXG11ly8hhtknoxe0vj30dw0dw3zk.jpg?KID=imgbed,tva&Expires=1718287530&ssig=Lzy5AlDfXj",åº¦åå¹´å®˜å¾®,https://weibo.com/u/7830904607,0
5044555292344424,17008,1621,1748, åŒ—äº¬,#angelababy[è¶…è¯]# æ‚¦åŠ¨å¤æ—¥ï¼Œçƒ­æƒ…å››æº¢â¤ï¸â€ğŸ”¥bossé¢–@angelababy ä»¥é˜³å…‰ä¸ºæ»¤é•œï¼Œç•…äº«è½»æˆ·å¤–ï¼Œæ™•æŸ“ç²¾å½©æ—¶ã€‚ http://t.cn/A6QhbKQJ â€‹,124,2024-06-12,æ¦œå•,https://weibo.com/5044555292344424/OiH5n9PTi,"https://tvax3.sinaimg.cn/crop.0.0.1080.1080.180/9c8a3b69ly8hn8gvejejlj20u00u040l.jpg?KID=imgbed,tva&Expires=1718287530&ssig=jBZj0hwy8%2F",æ¨é¢–å·¥ä½œå®¤,https://weibo.com/u/2626304873,0
5044355175287254,23048,851,2413,æ— ,â€‹â€‹â€‹#é‡‘ç¡•çé€€ä¼##BTSåˆä½“# æ®éŸ©åª’ï¼Œé˜²å¼¹å°‘å¹´å›¢æˆå‘˜é‡‘ç¡•çä»Šæ—¥é€€ä¼ã€‚é‡‘ç¡•çä¸æœ‹å‹ä»¬å‘Šåˆ«ï¼Œä¸€åº¦è½æ³ªã€‚é˜²å¼¹å°‘å¹´å›¢æˆå‘˜åˆ°åœºä¸ºä»–åº†ç¥ï¼Œé—µå…çªæœªç°èº«ã€‚å¤§å®¶é€ä¸Šäº†é²œèŠ±ï¼Œä¾æ¬¡ä¸ä»–æ‹¥æŠ±ï¼Œé‡‘å—ä¿Šè¿˜åœ¨ç°åœºå¹èµ·äº†è¨å…‹æ–¯ã€‚[å“ˆå“ˆ]é˜²å¼¹å°‘å¹´å›¢ç»ˆäºè¦åˆä½“å•¦ï¼[æŠ±ä¸€æŠ±]  #é‡‘å—ä¿Šå¹è¨å…‹æ–¯# â€‹â€‹â€‹,259,2024-06-12,æ¦œå•,https://weibo.com/5044355175287254/OiBSBmbsi,"https://tvax1.sinaimg.cn/crop.0.0.440.440.180/001Na93Ily8hqcevn3zf4j60c80c8wf202.jpg?KID=imgbed,tva&Expires=1718287530&ssig=IRhMhXbofp",æ–°æµªå¨±ä¹,https://weibo.com/u/1642591402,0
5044833328824811,24428,2716,2581, æµ™æ±Ÿ,"650å®¶æ—çœŸÂ·æ¥äº†[è€å¸ˆçˆ±ä½ ]
#æ±ªè‹æ³·å¾å¿—èƒœæé›ªç´æå˜‰ç¦å®˜å®£650å›¢ç»¼##æ¡ƒèŠ±å650çœŸåšå¤§åšå¼ºäº†# â€‹",85,2024-06-13,æ¦œå•,https://weibo.com/5044833328824811/OiOjOB1JF,"https://tvax3.sinaimg.cn/crop.0.0.1080.1080.180/006dZlPKly8horptq3qvkj30u00u0tbo.jpg?KID=imgbed,tva&Expires=1718287530&ssig=QvbcVqrs2o",å°è¾£æå˜‰ç¦,https://weibo.com/u/5703511300,0
5044864134415402,131920,7375,71935, åŒ—äº¬,æˆ‘çš„å¾®ç»¼ç»ˆäºä¸Šçº¿å•¦ è®©æˆ‘ä»¬ä¸€èµ·çœ‹å§[ä¸¾æ‰‹] #å–»è¨€å¾®ç»¼å‡ºé€ƒä¸€å‘¨åˆå¦‚ä½•# http://t.cn/A6Q7RtFA â€‹,85,2024-06-13,æ¦œå•,https://weibo.com/5044864134415402/OiP7viwEa,"https://tvax2.sinaimg.cn/crop.0.0.512.512.180/b26538a1ly8ho93r5h2dij20e80e8js7.jpg?KID=imgbed,tva&Expires=1718287530&ssig=ta0RLYA%2FkQ",å–»è¨€_Yuyan,https://weibo.com/u/2992978081,0
5044050291332675,8234,2418,1795, å®‰å¾½,"ğŸ“ºæ¬¢è¿æ”¶çœ‹æ —å­çš„ç«¯åˆèŠ‚plogï½
[æ¯”è€¶]ä»Šå¹´ç«¯åˆä¹Ÿç»™å®¶é‡ŒæŒ‚ä¸Šäº†è‰¾è‰å•¦ï¼Œå“ˆå“ˆè¡€è„‰è§‰é†’ï¼Œç«¯åˆè‰¾è‰æŒ‚ï¼Œå®¶å’Œä¸šå…´æ—ºğŸ”¥
ğŸ¬æ˜¨å¤©ä¸‹åˆå»çœ‹äº†ç”µå½±èµ°èµ°åœåœï¼Œé«˜åœ†åœ†å’Œèƒ¡æ­Œä¸»æ¼”çš„ï¼Œå¾ˆçœŸå®çš„ç”Ÿæ´»å†™ç…§ï¼Œç»“å°¾æœ‰ä¸¤ä¸ªå½©è›‹å·®ç‚¹å°±é”™è¿‡ï¼Œé‡Œé¢å¾ˆå—ç”¨çš„ä¸€äº›è¯ï¼ğŸ‘‰æœ‰æ—¶å€™ï¼Œå°±æ˜¯è¿™ä¸€æ­¥ã€‚ èµ°å‡ºæ¥ï¼Œå°±ä¸ä¸€æ ·äº†ã€‚ğŸ‘‰æ··çš„å¥½ â€‹",687,2024-06-11,æ¦œå•,https://weibo.com/5044050291332675/OitWR5AGL,"https://tvax2.sinaimg.cn/crop.0.0.1080.1080.180/d98cd6aely8gdicrbtocvj20u00u075n.jpg?KID=imgbed,tva&Expires=1718287530&ssig=bGaBv6EwIG",æ˜¯æ —å­å‘€ä¸¶,https://weibo.com/u/3649885870,0
5044356337372405,10482,7,3,æ— ,"ã€å°è°ƒæŸ¥ï¼š#è€³æœµç—’ä½ ä¸€èˆ¬æ€ä¹ˆå¤„ç†#ï¼Ÿã€‘#è€³æœµæ€»ç—’å¯èƒ½æš—ç¤ºè¿™5ç§é—®é¢˜# åœ¨æˆ‘ä»¬æ—¥å¸¸ç”Ÿæ´»ä¸­ï¼Œæœ‰æ—¶å€™ä¼šé‡åˆ°ä¸€ç§å¾®å¦™çš„å›°æ‰°ï¼šè€³æœµç—’ã€‚å¯¹è®¸å¤šäººæ¥è¯´ï¼Œè¿™ä¼¼ä¹åªæ˜¯ä¸€ä¸ªå°é—®é¢˜ã€‚ä½†è€³æœµç—’ï¼Œå¯èƒ½ä¸åªæ˜¯ç—’é‚£ä¹ˆç®€å•ï¼Œä¹Ÿå¯èƒ½æ˜¯èº«ä½“å†…éƒ¨å‡ºç°äº†ä¸€äº›é—®é¢˜çš„ä¿¡å·ï¼Œæˆ‘ä»¬åº”è¯¥æ³¨æ„å¹¶åŠæ—¶å¤„ç†ã€‚
 http://t.cn/A6QvnDN2 â€‹",270,2024-06-12,æ¦œå•,https://weibo.com/5044356337372405/OiBUtuVTL,"https://tvax3.sinaimg.cn/crop.0.0.1080.1080.180/0089lW6tly8hoadn0mfyyj30u00u0my4.jpg?KID=imgbed,tva&Expires=1718287530&ssig=86MlVbaEUe",è¥¿éƒ¨å†³ç­–,https://weibo.com/u/7467277921,1
5044776414482295,8418,904,84758, å±±ä¸œ,#æ—…è¡Œä»»æ„é—¨# æ ‡å‡†æ¸¸å®¢ç…§æ‰“å¡å§¿åŠ¿getï¼ http://t.cn/A6Q7yDkj â€‹,57,2024-06-13,æ¦œå•,https://weibo.com/5044776414482295/OiMQ1iO35,"https://tvax4.sinaimg.cn/crop.0.0.1080.1080.180/006jfN7kly8hojhq40lfej30u00u0wib.jpg?KID=imgbed,tva&Expires=1718287530&ssig=AHbt6pS724",æ•–å­é€¸,https://weibo.com/u/5781311106,0
5044743430734671,19728,9492,7330, æ¹–å—,æ¥616å¿«ä¹èŠ‚ï¼Œä¸€èµ·å¿˜æ‰çƒ¦æ¼ï¼Œå‚¨å­˜å¿«ä¹~ #616å¿«ä¹èŠ‚è‰ºäººé˜µå®¹å®˜å®£# â€‹,60,2024-06-13,æ¦œå•,https://weibo.com/5044743430734671/OiLYP357x,"https://tvax4.sinaimg.cn/crop.0.0.512.512.180/001OmRRfly8h47p3ucxyuj60e80e83yo02.jpg?KID=imgbed,tva&Expires=1718287530&ssig=SS6aPB98Dp",å¼ è¿œBird,https://weibo.com/u/1660399881,0
5044779968893702,24308,919,1121, æµ™æ±Ÿ,"#è‚–æˆ˜# [doge]#æˆ‘æ˜¯è‚–æˆ˜,æˆ‘å–œæ¬¢å°é£ä¾ #
åˆ†äº«ä¸€ä¸ªåº“å­˜

å¥½å‹æŠ‘çš„è§†é¢‘ï¼Œç°åœºä¹Ÿæ²¡å‡ ä¸ªç²‰ä¸å§ï¼Œ
è‡³äºè¿ä¸ªæ­£çœ¼éƒ½ä¸ç»™ï¼Œå…¨ç¨‹èƒŒå¯¹ç²‰ä¸å—ï¼Ÿ[å…æ‚²]
#æ¨ç²‰# http://t.cn/A6Q7qfyt â€‹",156,2024-06-13,æ¦œå•,https://weibo.com/5044779968893702/OiMVKBjEO,"https://tvax4.sinaimg.cn/crop.0.0.699.699.180/57a4ff13ly8hpbly5cpgqj20jf0jfdg8.jpg?KID=imgbed,tva&Expires=1718287530&ssig=h08JjYJt3K",LOç©¿è£™å­çš„å°ç†ŠVE,https://weibo.com/u/1470430995,0
5044828787706655,20026,1235,283, æ±Ÿè‹,#é‡‘ç¡•çæ‹¥æŠ±ä¼š# ï½œ#é‡‘ç¡•çæ‹¥æŠ±äº†1000åç²‰ä¸#ï½œ#é‡‘ç¡•çè¢«äº²äº†#ğŸ“¢æŠ•ç¨¿ï¼šä¸æ‡‚å°±é—®ï¼Œè¿™ä¸ªç®—ç²‰ä¸ğŸŒŸsrè‰ºäººå—ï¼Ÿæ˜¯ä¸æ˜¯æœ‰ç‚¹å¤ªè¿‡äº† â€‹,117,2024-06-13,æ¦œå•,https://weibo.com/5044828787706655/OiOcuwkQT,"https://tvax1.sinaimg.cn/crop.0.0.960.960.180/008Cnr8ely8hqn2lrashpj30qo0qoabu.jpg?KID=imgbed,tva&Expires=1718287530&ssig=bv34Yt7itf",Kpopåå¦ˆèŒ¶è¯ä¼š_éŸ©å¨±æ‰¯å¤´èŠ±,https://weibo.com/u/7896149266,0
5044523366879305,29385,7344,4077, æµ™æ±Ÿ,"#é‚“ä¸º#[é€èŠ±èŠ±]#é‚“ä¸ºä»™å°æœ‰æ ‘# [é€èŠ±èŠ±]#é‚“ä¸ºè‹æ˜“æ°´# 
ğŸ
å¾®å¾®ç”¨è„¸80[æŠ±ä¸€æŠ±]

è‹æ˜“æ°´|ä»™å°æœ‰æ ‘|é‚“ä¸ºè‹æ˜“æ°´|é‚“ä¸ºä»™å°æœ‰æ ‘|é‚“ä¸ºæ¶‚å±±ç’Ÿ|é‚“ä¸ºéƒ‘é€‚|é‚“ä¸ºå¶åä¸ƒ|é‚“ä¸ºç³åƒå¤œ  â€‹â€‹â€‹ï½œé‚“ä¸ºä¿®ä¸½å¯ï½œé‚“ä¸ºè¿ªå¥¥ï½œé‚“ä¸ºå¡è¯—ï½œé‚“ä¸ºCT  @é‚“ä¸ºD â€‹â€‹â€‹ http://t.cn/A6QPdQZ7 â€‹",241,2024-06-12,æ¦œå•,https://weibo.com/5044523366879305/OiGfSsRCx,"https://tvax4.sinaimg.cn/crop.0.0.699.699.180/57a4ff13ly8hpbly5cpgqj20jf0jfdg8.jpg?KID=imgbed,tva&Expires=1718287530&ssig=h08JjYJt3K",LOç©¿è£™å­çš„å°ç†ŠVE,https://weibo.com/u/1470430995,0
5044776036207119,18950,730,163, åŒ—äº¬,6æœˆ12æ—¥å¾…æ’­å‰§è§’è‰²çƒ­åº¦æŒ‡æ•°ï¼šé‚“ä¸ºä»™å°æœ‰æ ‘è‹æ˜“æ°´ç¬¬ä¸€ï¼ â€‹,51,2024-06-13,æ¦œå•,https://weibo.com/5044776036207119/OiMPpq2KP,"https://tvax2.sinaimg.cn/crop.0.0.179.179.180/d0c0d965ly8fj8plwspflj204z04z0tv.jpg?KID=imgbed,tva&Expires=1718287530&ssig=lGPK00Apec",èŠ’æœæè¿½å‰§,https://weibo.com/u/3502299493,0
5044577694388117,21532,4585,556, éŸ©å›½,"WHERE IS THAT BASS? 2

RIIZEã€ŠRIIZING - The 1st Mini Albumã€‹
â« 2024.06.17 ä¸‹åˆ5ç‚¹ (åŒ—äº¬æ—¶é—´)

#RIIZE[è¶…è¯]# #RIIZE#
#RISEandREALIZE#
#BoomBoomBass#
#RIIZE_BoomBoomBass#
#RIIZING# â€‹",179,2024-06-12,æ¦œå•,https://weibo.com/5044577694388117/OiHFvipy5,"https://tvax2.sinaimg.cn/crop.0.0.1080.1080.180/008yQaGdly8hqjhzwcmchj30u00u0dkt.jpg?KID=imgbed,tva&Expires=1718287530&ssig=QLQ%2F1UzWbD",RIIZE_RISEandREALIZE,https://weibo.com/u/7843892193,0
5044474612816398,14722,10773,49354, åŒ—äº¬,[å¿ƒ]ç‹—ç‹—#é‡‘å­æ¶µ[è¶…è¯]# â€‹,22,2024-06-12,æ¦œå•,https://weibo.com/5044474612816398/OiEZfbOFM,"https://tvax1.sinaimg.cn/crop.0.0.1080.1080.180/0080JLgPly8hq0zei1flpj30u00u0414.jpg?KID=imgbed,tva&Expires=1718287530&ssig=hs7qL4KiXU",é‡‘å­æ¶µ,https://weibo.com/u/7339969127,0
5044788744683963,319092,22680,86915,æ— ,#æ—¶å°šCOSMO7æœˆåˆŠå°é¢é¢„å‘Š# å¤œè‰²ä»»å‡­å…‰å»å¾œå¾‰ï¼Œé©»è¶³æ˜¯å‰è·¯çš„åºç« ï¼ŒèƒŒå½±æ˜¯ä¸Šä¸€åˆ»çš„å›çœ¸å’Œä»–å·²ç»å®£å‘Šçš„ç™»åœºã€‚ â€‹,99,2024-06-13,æ¦œå•,https://weibo.com/5044788744683963/OiN9UjEvN,"https://tvax2.sinaimg.cn/crop.0.0.996.996.180/001ENqBzly8h8vg7rawpjj60ro0rodgc02.jpg?KID=imgbed,tva&Expires=1718287530&ssig=M09hCbMPxx",æ—¶å°šCOSMO,https://weibo.com/u/1518966617,0
5044830349034038,22670,1785,1318, æ–°ç–†,"å¯¹é‚“ä¸ºäº†è§£å¾—ä¸å¤šï¼Œéšä¾¿è¯´è¯´ã€‚
é‚“ä¸ºç«å¾—åº”è¯¥ä¸ç®—æ—©ï¼Œä¼°è®¡ä¹Ÿæœ‰è¿‡ä¸€æ®µç°æš—æ—¶å…‰ã€‚ç›´åˆ°é•¿ç›¸æ€ä»–é‡åˆ°äº†æ¶‚å±±ç’Ÿï¼Œä¹Ÿé‡åˆ°äº†æ·±çˆ±ä»–çš„é’»å§ã€‚æˆ‘è§‰å¾—è¿™åº”è¯¥æ˜¯ä¸€ä¸ªæ¢¦æƒ³é‡ç‡ƒçš„æ—¶åˆ»ã€‚
ä¸ºä¸ºç»™æˆ‘çš„æ„Ÿå—æ˜¯ï¼Œä»–å†…å¿ƒæ˜¯æä¸ºæŸ”è½¯å’Œæ¸©æŸ”çš„ã€‚
ä»™å°æœ‰æ ‘ä»–è¯´è®©é’»å§ç›¸ä¿¡ä»–ï¼Œè¿˜è®°å¾—ä¹‹å‰æœ‰ä¸€ä¸ªæˆªå›¾æ˜¯è¯´ä»–æ˜¯æœ€å®¹æ˜“è¢«æ¬ºè´Ÿçš„ç”·æµé‡ã€‚
å› â€‹",377,2024-06-13,æ¦œå•,https://weibo.com/5044830349034038/OiOf0BUai,"https://tvax3.sinaimg.cn/crop.0.0.1080.1080.180/005IxC1tly8hobua04z8ij30u00u00ue.jpg?KID=imgbed,tva&Expires=1718287530&ssig=wCffS8WvYw",é£å‡é¡¶æµçš„ä¸€å¤©,https://weibo.com/u/5238833931,0
5044152976281237,22603,3033,6365, æµ™æ±Ÿ,"#é¾šä¿Š[è¶…è¯]# ä»–åªæ˜¯å‡¡äººè€Œå·²ã€‚

åŠå…¬åŒºï¼š#ä¸œæ–¹æœˆåˆç™½å‘æˆ˜æŸ# #ä¸œæ–¹æœˆåˆä¸€åˆ€æœªå¹³ä¸€åˆ€åˆèµ·# @é¾šä¿ŠSimon â€‹",95,2024-06-11,æ¦œå•,https://weibo.com/5044152976281237/OiwCtqm2h,"https://tvax1.sinaimg.cn/crop.0.0.1080.1080.180/008tWBInly8hq6b7xfxugj30u00u0mz8.jpg?KID=imgbed,tva&Expires=1718287530&ssig=E%2Fx0thqIaP",é‡ç”Ÿä¿Šå­åŠäº‹å¤„,https://weibo.com/u/7771544403,0
5044527615705731,18278,484,277,æ— ,#ELLEMENæ–°é’å¹´# æ˜¯ä¸æ˜¯æ‹ç«‹å¾—åœ¨æ‹ç…§ï¼Œæ‰€ä»¥æ‰èƒ½è¿™ä¹ˆå¥½çœ‹ï¼é«˜ç³Šé•œå¤´å¸¦æ¥ç»ç¾æ°›å›´æ„Ÿï¼Œä¸€äº›æ²¡è§è¿‡çš„ç”·å‹è§†è§’è½»æ¾æ•è·äººå¿ƒï¼Œæ‰€ä»¥#å´ç£Š[è¶…è¯]##äº•æŸç„¶[è¶…è¯]##è®¸å…‰æ±‰[è¶…è¯]##å¼ å‡Œèµ«[è¶…è¯]##äºé€‚yosh[è¶…è¯]##ä¸ç¨‹é‘«[è¶…è¯]##è¾¹å¤©æ‰¬[è¶…è¯]##Santaèµå¤š[è¶…è¯]##æ²ˆè½½ä¼¦[è¶…è¯]#è°æœ€å…·æœ¦èƒ§ç¥éŸµï¼Ÿ â€‹,261,2024-06-12,æ¦œå•,https://weibo.com/5044527615705731/OiGmJnWjV,"https://tvax3.sinaimg.cn/crop.0.0.1080.1080.180/005zIFfXly8gdjemo1964j30u00u0q4o.jpg?KID=imgbed,tva&Expires=1718287530&ssig=0Ex52TV%2BYd",ELLEMENæ–°é’å¹´,https://weibo.com/u/5108480945,0
5044818873156102,4366,1561,6957, åŒ—äº¬,æ‰“å…‰è¿½ä¸Šï¼Œéšæ—¶å¼€å”±ï¼Œ6æœˆ17æ—¥19:30ï¼Œ@æ¹–å—å«è§† @èŠ’æœTV #618å¼€å¿ƒå¤œ# ä¸€èµ·å¼€å¿ƒç‹‚æ¬¢ï¼#618å¼€å¿ƒå¤œå…¨é˜µå®¹å®˜å®£# â€‹,99,2024-06-13,æ¦œå•,https://weibo.com/5044818873156102/OiNWvdf2S,"https://tvax1.sinaimg.cn/crop.0.0.1080.1080.180/008wYlhxly8hh6lz8t8kaj30u00u0wi9.jpg?KID=imgbed,tva&Expires=1718287530&ssig=SvDH%2BL3b4i",ç‹å­æµ©LEV,https://weibo.com/u/7816286899,0
5043099107069373,9248,278,1636, å››å·,çœ‹åˆ°æ²¡ æˆ‘å¦ˆå°±æ˜¯è¿™æ ·æŠŠæˆ‘é€è¿›åŒ—å¤§çš„ #å¥½å­©å­çœŸçš„æ˜¯å¤¸å‡ºæ¥çš„# / #é«˜è€ƒå¤§ä½œæˆ˜# / #ç¥ç¦é«˜è€ƒ# â€‹,84,2024-06-08,é«˜è€ƒ,https://weibo.com/5043099107069373/Oi5cGtF49,"https://tvax4.sinaimg.cn/crop.66.0.744.744.180/005ATAcsly8gkokonyp2ij30u00u0goi.jpg?KID=imgbed,tva&Expires=1718287533&ssig=TOdqvW6x4H",æ¬¢ä¹å†²æµªæŒ‡å—,https://weibo.com/u/5125859452,1
5043636953940222,468,60,104, é‡åº†,"#é«˜è€ƒå®Œå’Œæˆ‘å¦ˆåµäº†ä¸€æ¶#
é«˜è€ƒå®Œå’Œæˆ‘å¦ˆåµäº†ä¸€æ¶
#ç¥ç¦é«˜è€ƒ# â€‹",54,2024-06-10,é«˜è€ƒ,https://weibo.com/5043636953940222/Oijcbgx1Y,"https://tvax4.sinaimg.cn/crop.0.0.1080.1080.180/0068CbJgly8hdx6urbvu8j30u00u0abf.jpg?KID=imgbed,tva&Expires=1718287533&ssig=9wzI5ciQSK",è¯¾ä»£è¡¨å°é‚¹é‚¹,https://weibo.com/u/5624109234,0
5043603325584016,674,63,38,æ— ,ã€#æ¯å¹´é«˜è€ƒéƒ½æ˜¯å‡ºç§Ÿè½¦å¸æœºçš„èŒä¸šå¤§è€ƒ#ã€‘é«˜è€ƒæœŸé—´ï¼Œæµå—çš„æ—©é«˜å³°ä¾æ—§ç†™ç†™æ”˜æ”˜ã€‚90åâ€œçš„å“¥â€å®‹å‹‡æ­£è½½ç€è€ƒç”Ÿï¼Œè·¨è¶Šæµå—ä¸‰ä¸ªåŒºï¼Œå‰å¾€åå±±é™„è¿‘çš„è€ƒç‚¹ï¼Œè¿™ä¹Ÿæ˜¯ä»–ç¬¬ä¸€æ¬¡å‚ä¸å…è´¹é€è€ƒã€‚è¿™ç¬¬ä¸€å•é€è€ƒï¼Œå®‹å‹‡è¦é€”ç»å‡ ä¸ªè½¦æµé‡è¾ƒå¤§çš„è·¯æ®µï¼Œè·¨è¶Šå¸‚ä¸­ã€å†ä¸‹ã€å†åŸä¸‰ä¸ªåŸåŒºï¼ŒåŠ ä¹‹èµ¶ä¸Šæ—©é«˜å³°ï¼Œä¹Ÿæ˜¯ä¸ªä¸å°çš„è€ƒéªŒã€‚å¼€è€ƒ â€‹,459,2024-06-10,é«˜è€ƒ,https://weibo.com/5043603325584016/OiijWnqEM,"https://tvax3.sinaimg.cn/crop.0.0.179.179.180/70e081fbly8h8vgcllnigj204z04za9w.jpg?KID=imgbed,tva&Expires=1718287533&ssig=a594GXIx6O",é—ªç”µæ–°é—»,https://weibo.com/u/1893761531,0
5043140694639190,56,17,15, å®‰å¾½,é«˜æ™“æ¾æ€’æ–¥æ¸…åå­¦éœ¸:åæ ¡åŸ¹å…»çš„å­¦ç”Ÿåº”è¯¥æ˜¯é•‡å›½é‡å™¨ï¼Œä¸åº”åªä¸ºäº†æ‰¾ä¸€ä»½å·¥ä½œã€‚ä½ æ€ä¹ˆçœ‹ï¼Ÿ#é«˜è€ƒ# http://t.cn/A6HeZNn9 â€‹,108,2024-06-08,é«˜è€ƒ,https://weibo.com/5043140694639190/Oi6hLjsRE,"https://tvax1.sinaimg.cn/crop.0.0.1002.1002.180/66129f63ly8fnxs7rr1spj20ru0ruq4d.jpg?KID=imgbed,tva&Expires=1718287533&ssig=VVLCQELPu0",å¯è’™ç”µå½±,https://weibo.com/u/1712496483,0
5043287062741222,66,17,9,æ— ,ã€å…´å¥‹è¿‡å¤´äº†ï¼#è€ƒç”Ÿç¬¬ä¸€ä¸ªå†²å‡ºè€ƒåœºæ„å¤–æ‰‘å€’æ¯äº²#ï¼šåæ¥å­©å­æ…¢æ…¢æŠŠå¦ˆå¦ˆæ‰¶èµ·æ¥äº†ã€‘6æœˆ8æ—¥ï¼Œæ¹–å—è¡¡é˜³ä¸€è€ƒç”Ÿä¸‹è€ƒåç¬¬ä¸€ä¸ªå†²å‡ºè€ƒåœºï¼Œæ„å¤–æ‰‘å€’åœ¨æ ¡å¤–è¿æ¥çš„æ¯äº²ã€‚æ‹æ‘„è€…luluç§°ï¼Œå½“æ—¶çœ‹åˆ°è¿™ä¸€å¹•çš„æ—¶å€™ï¼Œå…¶å®å¿ƒé‡Œç´§ç»·äº†ä¸€ä¸‹ï¼Œå­©å­å¿«é€Ÿå‘å¦ˆå¦ˆå¥”è·‘è¿‡å»ï¼Œä¸€ä¸‹æ²¡åˆ¹ä½è½¦ï¼Œè·Ÿå¦ˆå¦ˆä¸¤ä¸ªäººä¸€èµ·æ‘”å€’åœ¨åœ°äº†ã€‚å¥¹è¿˜ç§°ï¼Œå®¶é•¿ â€‹,456,2024-06-09,é«˜è€ƒ,https://weibo.com/5043287062741222/Oia5Qbv7g,"https://tvax4.sinaimg.cn/crop.0.0.826.826.180/001O24LNly8h8viu4nck1j60my0myq3m02.jpg?KID=imgbed,tva&Expires=1718287533&ssig=nRxtSyshoQ",æ½‡æ¹˜æ™¨æŠ¥,https://weibo.com/u/1655444627,0
5043432127727386,864,60,6, ä¸Šæµ·,çœŸçš„æ˜¯è·³èˆå°±èƒ½å¼€å¿ƒï¼Bå§å„¿ç‰¹æ„ç­‰åˆ°é«˜è€ƒç»“æŸæ‰æ¥ææ´»åŠ¨ï¼ä»Šå¤©æ™šä¸Š8:30å“¦ï¼éš”å£éš”å£ï¼ http://t.cn/A6HDbfa0 â€‹,100,2024-06-09,é«˜è€ƒ,https://weibo.com/5043432127727386/OidROwqfg,"https://tvax1.sinaimg.cn/crop.0.0.1080.1080.180/007rSCv8ly8hbb6nsowq8j30u00u0n4m.jpg?KID=imgbed,tva&Expires=1718287533&ssig=5bCZzx4dTR",ABCDå¦ˆæœ¬å¦ˆ,https://weibo.com/u/6824908610,0
5043297047284292,315,1,0, åŒ—äº¬,"#é«˜è€ƒåŒ–å­¦é¢˜éš¾å—# æ¥èŠèŠä½ è§‰å¾—ä»Šå¹´é«˜è€ƒåŒ–å­¦éš¾å—[åƒç“œ]

#åŠ æ²¹é«˜è€ƒ##é«˜è€ƒåŒ–å­¦# â€‹ http://t.cn/A6HeoxA1 â€‹",97,2024-06-09,é«˜è€ƒ,https://weibo.com/5043297047284292/OialWuyYA,"https://tvax2.sinaimg.cn/crop.0.0.1080.1080.180/61e887c7ly8gdj6vywsw8j20u00u0jta.jpg?KID=imgbed,tva&Expires=1718287533&ssig=yPu3pMMebr",é«˜è€ƒå¿«è®¯,https://weibo.com/u/1642629063,0
5044100709749720,5723,59,52, å››å·,ç›‘è€ƒè€å¸ˆï¼šäººæ‰å•Šï¼Œæ‰§ç€çš„è®©æˆ‘ä»¬å¿™å‰å¿™åè¿™ä¹ˆä¹…ï¼Œä½ æ˜¯ä¸ºäº†åœ¨é«˜è€ƒè€ƒåœºä¸Šæå‡ç¡çœ è´¨é‡ï¼Ÿ â€‹,80,2024-06-11,é«˜è€ƒ,https://weibo.com/5044100709749720/OivgaEUly,"https://tvax4.sinaimg.cn/crop.0.0.180.180.180/a905b8d7ly1gdin6brk64j2050050t8n.jpg?KID=imgbed,tva&Expires=1718287533&ssig=X8wHxWmN6y",æ®µå­æ¥¼,https://weibo.com/u/2835724503,0
5043394801830992,67,10,9,æ— ,ã€#é«˜è€ƒæ˜¯é«˜ä¸­ä¸‰å¹´æœ€åçš„å‘Šåˆ«# [æŠ±æŠ±]ã€‘é«˜è€ƒè½ç¬”é‚£åˆ»ï¼Œå°±æ˜¯æˆ‘ä»¬é«˜ä¸­ä¸‰å¹´æœ€åçš„å‘Šåˆ«[æ³ª]ï¼å†è§äº†æˆ‘çš„é«˜ä¸­æ—¶å…‰ï¼Œä½ å¥½å¤§å­¦ç”Ÿæ´»ï¼#ç¦å»ºé«˜è€ƒæœ€åä¸€å¤©# #ç¦å»ºé«˜è€ƒåœ†æ»¡ç»“æŸ# ï¼ˆvia.[éŸ³ä¹]å·¨æ˜Ÿç«ç«ï¼‰  http://t.cn/A6HDhf6S  â€‹,219,2024-06-09,é«˜è€ƒ,https://weibo.com/5043394801830992/OicTC7Gk8,"https://tvax2.sinaimg.cn/crop.0.0.750.750.180/7425bdb2ly8h8v49iljqgj20ku0kuaaq.jpg?KID=imgbed,tva&Expires=1718287533&ssig=kSRGirpK8E",å¦é—¨æ ¡å›­,https://weibo.com/u/1948630450,0
5043449252808814,148,8,102, é‡åº†,"#çªç„¶å‘ç°é«˜è€ƒç»“æŸäººç”Ÿæ‰åˆšåˆšå¼€å§‹#
çªç„¶å‘ç°é«˜è€ƒç»“æŸäººç”Ÿæ‰åˆšåˆšå¼€å§‹
#ç¥ç¦é«˜è€ƒ# â€‹",74,2024-06-09,é«˜è€ƒ,https://weibo.com/5043449252808814/OiejrbMHs,"https://tvax4.sinaimg.cn/crop.0.0.1080.1080.180/0068CbJgly8hdx6urbvu8j30u00u0abf.jpg?KID=imgbed,tva&Expires=1718287533&ssig=9wzI5ciQSK",è¯¾ä»£è¡¨å°é‚¹é‚¹,https://weibo.com/u/5624109234,0
5044370481089745,42,6,6,æ— ,#å››å·å¤§å­¦ç”ŸæŒ‘æˆ˜é«˜è€ƒè¯­æ–‡ä½œæ–‡#  è®©å¤§å­¦ç”Ÿåš24å¹´æ–°é²œå‡ºç‚‰çš„é«˜è€ƒé¢˜æ˜¯ä¸€ç§ä»€ä¹ˆä½“éªŒå‘¢ï¼Ÿæ¥çœ‹çœ‹@å››å·ä¼ åª’å­¦é™¢ çš„å¤§å­¦ç”Ÿä»¬å¦‚ä½•åº”å¯¹ï¼Œåˆå¯¹ä»Šå¹´çš„é«˜è€ƒé¢˜æœ‰ä»€ä¹ˆè§è§£å§ï¼ http://t.cn/A6Qv1l6V â€‹,169,2024-06-12,é«˜è€ƒ,https://weibo.com/5044370481089745/OiChi4zux,"https://tvax3.sinaimg.cn/crop.0.0.995.995.180/766d9ca3ly8h8v3pkg9ifj20rn0rnq42.jpg?KID=imgbed,tva&Expires=1718287533&ssig=VR7hDoL9cM",æˆéƒ½æ ¡å›­,https://weibo.com/u/1986895011,0
5043084440900714,4951,1893,166, æµ™æ±Ÿ,"ç«Ÿç„¶ç¿»å‡ºæ¥å½“å¹´çš„å‡†è€ƒè¯äº†ï¼ï¼
è¿˜æ˜¯è€äº†ï¼Œç°åœ¨è¿æ¸¯å¤§éƒ½æ¯•ä¸šäº†[å®³ç¾]
é«˜è€ƒæœ€åä¸€å¤©å¤§å®¶å†²å†²å†²ï¼ï¼ï¼ï¼ï¼
#é«˜è€ƒåŠ æ²¹æ—¶åˆ»# â€‹",111,2024-06-08,é«˜è€ƒ,https://weibo.com/5043084440900714/Oi4P23MjE,"https://tvax2.sinaimg.cn/crop.0.0.1080.1080.180/0080zkGVly8hkslufmt6ij30u00u0wgm.jpg?KID=imgbed,tva&Expires=1718287533&ssig=XVjlIxIQsg",XMASwuå´éªœ,https://weibo.com/u/7337483677,0
5044818151998386,33,33,30,æ— ,ã€#ç”·å­985æ¯•ä¸šå›ä¹¡å½“å†œæ°‘ç§°ä¸åæ‚”#ã€‘ #ç”Ÿæ´»æ–¹å¼è¿œä¸æ­¢å†…å·å’Œèººå¹³#  6æœˆ8æ—¥ï¼Œè´µå·é“œä»ï¼Œ25å²ç”·å­è‡ªè¿°7å¹´å‰æˆåŠŸé€šè¿‡é«˜è€ƒä»å†œæ‘è€å®¶è€ƒå…¥985å¤§å­¦ï¼Œæ¯•ä¸šååˆå‹‡é—¯ä¸–ç•Œäº”ç™¾å¼ºå¤§ä¼ä¸šï¼Œé¢å¯¹é€æ¸è€å»çš„é•¿è¾ˆï¼Œ2å¹´å‰é€‰æ‹©å›åˆ°å®¶ä¹¡ï¼Œè„±æ‰é•¿è¡«å›å®¶åŠ¡å†œã€‚å…³äºå¯¹æ­¤æ˜¯å¦åæ‚”ï¼Œä»–è¯´ï¼Œè‡ªå·±æ˜¯çˆ·çˆ·å¥¶å¥¶å¸¦å¤§çš„å­©å­ï¼Œè‡ªå·±çš„ç¥– â€‹,404,2024-06-13,é«˜è€ƒ,https://weibo.com/5044818151998386/OiNVl8nS2,"https://tvax3.sinaimg.cn/crop.0.0.512.512.180/0026Hhp9ly8hlotcex901j60e80e8mxn02.jpg?KID=imgbed,tva&Expires=1718287533&ssig=%2BSfty12LWB",å…ˆé”‹æ–°é—»,https://weibo.com/u/1931238691,0
5043296898121836,260,31,51, åŒ—äº¬,"é«˜è€ƒå‰å®¶é•¿è€å¸ˆéƒ½å‘Šè¯‰å­©å­ä»¬ï¼Œç­‰è€ƒå®Œé«˜è€ƒã€è€ƒä¸Šå¤§å­¦å°±å¥½äº†ï¼Œé‚£æ—¶å€™ä½ ä»¬å°±è½»æ¾äº†ã€å°±è‡ªç”±äº†ï¼Œå®é™…ä¸Šç­‰ä»–ä»¬è€ƒä¸Šå¤§å­¦ä¹‹åï¼Œæ‰ä¼šå‘ç°è¯»å¤§å­¦ä¹‹åï¼Œç¡®å®è‡ªç”±äº†ï¼Œä½†é«˜è€ƒä¸‰ä¸ªæœˆä¹‹åçš„ç”Ÿæ´»ï¼Œå°±ä¸€ç‚¹ä¹Ÿä¸è½»æ¾äº†ï¼Œç”šè‡³ä¼šæ¯”é«˜ä¸­æ›´ç´¯ï¼š

æœ‰å¾ˆå¤šä¸€èŠ‚æ›´æ¯”å…­èŠ‚å¼ºå…¨é è‡ªå­¦çš„å¤§å­¦è¯¾ç¨‹ï¼Œæœ‰å‚¬äººæ³ªä¸‹çš„è€ƒè¯•æœˆï¼Œæœ‰å†™ä¸å®Œçš„è®ºæ–‡ â€‹",954,2024-06-09,é«˜è€ƒ,https://weibo.com/5043296898121836/OialHy4Rm,"https://tvax4.sinaimg.cn/crop.0.0.641.641.180/0062U1Tyly8hhzuj5cok8j30ht0htdg3.jpg?KID=imgbed,tva&Expires=1718287533&ssig=k2cttmJ7O2",è€¿å‘é¡º,https://weibo.com/u/5539703320,1
5043394478867994,125,21,27,æ— ,ã€#ç«¯åˆé‚‚é€…ä¸­é«˜è€ƒæ——è¢é”€é‡æš´å¢#ã€‘#ç«¯åˆå‡æœŸå›½æ½®ç»æµç‚¹ç‡ƒæ¶ˆè´¹æ–°æ´»åŠ›#ä»Šå¹´ç«¯åˆå‡æœŸï¼Œå›½æ½®ç»æµã€â€œæ–°ä¸­å¼â€æ–‡æ—…è¿¸å‘å‡ºå¼ºåŠ²æ´»åŠ›ã€‚æ¯”å¦‚ï¼Œé¾™èˆŸè§‚èµ›ä½“éªŒã€éé—æ–‡åŒ–ä½“éªŒã€æ±‰æœå¦†é€ ä½“éªŒã€å†å²æ–‡åŒ–æ™¯åŒºæ‰“å¡ç­‰ç­‰ã€‚å„åœ°æ–‡æ—…å¸‚åœºçº·çº·å‘åŠ›ï¼Œèµ‹äºˆä¼ ç»Ÿæ–‡åŒ–å›½é£å¤éŸµæ–°çš„å†…æ¶µï¼Œä¸°å¯Œæ¸¸å®¢ä½“éªŒæ„Ÿã€‚æµ™æ±Ÿå˜‰å…´ä¸€å®¶æœè£…åº—çš„åº—é•¿ â€‹,377,2024-06-09,é«˜è€ƒ,https://weibo.com/5043394478867994/OicT5BcYa,"https://tvax4.sinaimg.cn/crop.0.0.180.180.180/003z5L7fly8h8ursf868gj6050050mwz02.jpg?KID=imgbed,tva&Expires=1718287533&ssig=hgUsgVUp9P",å¤®è§†ç½‘,https://weibo.com/u/3266943013,0
5044406665085709,657,152,326, é™•è¥¿,"#é«˜è€ƒç»“æŸåçš„å¾…åŠäº‹é¡¹##é«˜è€ƒç”Ÿé€ç»™è‡ªå·±çš„å›½é£æ¯•ä¸šç¤¼ç‰©#è¿™ç§ç”¨å›½é£æ–¹å¼ä¸ºæ¯•ä¸šç•™å¿µçš„åšæ³•å¾ˆæœ‰æ„ä¹‰ã€‚

åœ¨æ¯•ä¸šçƒ­å­£ï¼Œå­¦ç”Ÿä»¬é€‰æ‹©ç”¨è¿™ç§æ–¹å¼ä¸ºè‡ªå·±çš„å­¦ä¹ ç”Ÿæ¶¯ç•™ä¸‹ç‰¹åˆ«çš„å›å¿†ï¼Œæ±‰æœæ˜¯ä¸­å›½ä¼ ç»Ÿæ–‡åŒ–çš„é‡è¦ç»„æˆéƒ¨åˆ†ï¼Œç©¿ç€æ±‰æœæ‹æ‘„æ¯•ä¸šç…§ä¸ä»…èƒ½å¤Ÿå±•ç°ä¸ªäººçš„é£é‡‡ï¼Œè¿˜ä½“ç°äº†å¯¹ä¼ ç»Ÿæ–‡åŒ–çš„ä¼ æ‰¿å’Œå¼˜æ‰¬ã€‚ä¹Ÿåæ˜ äº†å½“ä»£å¹´ â€‹",414,2024-06-12,é«˜è€ƒ,https://weibo.com/5044406665085709/OiDdEll1z,"https://tvax3.sinaimg.cn/crop.0.0.1080.1080.180/af632cc3ly8hqbdjtd8ruj20u00u0ta5.jpg?KID=imgbed,tva&Expires=1718287533&ssig=WZ86BeXgeg",è¾¹æ°¸å…ƒ,https://weibo.com/u/2942512323,1
5043464678932894,167,19,11,æ— ,#4å²å¦¹å¦¹è¿ç»­ä¸‰å¤©æ¥è€ƒå“¥å“¥#ï¼Œæ¯äº²ç§°å¦¹å¦¹ä¸‰å¤©éƒ½ç©¿ä¸åŒé¢œè‰²çš„å°è£™å­ï¼Œåˆ†åˆ«å¯“æ„æ——å¼€å¾—èƒœã€è€ƒè¯•ä¸€è·¯ç»¿ç¯ã€å¤§å±•è“å›¾ã€‚ï¼ˆè§†é¢‘ã€è®°è€…ï¼šæ—éœè™¹ã€ä¸é’°æ´µï¼›å‰ªè¾‘/è½¦è¶…è¿›ï¼‰#é«˜è€ƒå†è§# http://t.cn/A6HDSLxL â€‹,179,2024-06-09,é«˜è€ƒ,https://weibo.com/5043464678932894/OieIjBtQW,"https://tvax2.sinaimg.cn/crop.0.0.600.600.180/0023KYFDly8heah3ih9ktj60go0gomy602.jpg?KID=imgbed,tva&Expires=1718287533&ssig=pggDKBJNSU",å¹¿å·æ—¥æŠ¥,https://weibo.com/u/1887790981,0
5043086490867371,642,248,24, å¹¿è¥¿,æˆ‘æœ‰ä¸ªç–‘é—®ï¼Œä¸ºå•¥æœ‰çš„äººè‹±è¯­èƒ½è€ƒå¾ˆé«˜çš„åˆ†ï¼Œå´ä¸èƒ½è·Ÿè€å¤–ç”¨è‹±è¯­äº¤æµã€‚æœ‰çš„äººè‹±è¯­éƒ½ä¸åŠæ ¼ï¼Œå´èƒ½è·Ÿè€å¤–æ»”æ»”ä¸ç»åœ°èŠå¤©ï¼Ÿ#é«˜è€ƒè‹±è¯­# â€‹,120,2024-06-08,é«˜è€ƒ,https://weibo.com/5043086490867371/Oi4Sl3DDR,"https://tva3.sinaimg.cn/crop.0.0.440.440.180/a8867ddbjw8fb22zrho8mj20c80c8wen.jpg?KID=imgbed,tva&Expires=1718287533&ssig=MPtgZItV4f",ç§‘æŠ€æ–°ä¸€,https://weibo.com/u/2827386331,1
5043334249450852,7167,552,1814, æ²³åŒ—,"#çˆ¸çˆ¸é€èŠ±æ•´çš„è·Ÿæ¥å¤´ä¼¼çš„#

åŒæ–¹éƒ½å¾ˆè°¨æ…çš„æ ·å­[å–µå–µ]#ç¥ç¦é«˜è€ƒ##é«˜è€ƒå¤§ä½œæˆ˜# â€‹â€‹â€‹",79,2024-06-09,é«˜è€ƒ,https://weibo.com/5043334249450852/OibjWDEB6,"https://tvax1.sinaimg.cn/crop.0.0.634.634.180/0062CBUzly8ge5t9dl0blj30hm0hmacb.jpg?KID=imgbed,tva&Expires=1718287535&ssig=G9AtwRv38q",é˜¿å‘†ä¸ç“œ,https://weibo.com/u/5535551863,0
5043368075461185,814,249,312, æµ™æ±Ÿ,#äººç”Ÿçš„ç¬¬ä¸€æ¬¡ç ´åœˆ# é«˜è€ƒæ˜¯äººç”Ÿçš„ç¬¬ä¸€æ¬¡ç ´åœˆï¼Œä¹Ÿæ˜¯äººç”Ÿçš„ä¸€ä¸ªå°é˜¶æ®µ#é«˜è€ƒåŠ æ²¹# â€‹â€‹â€‹#ç ´åœˆæ‰æ˜¯æˆé•¿æœ€å¿«çš„æ–¹å¼# â€‹,104,2024-06-09,é«˜è€ƒ,https://weibo.com/5043368075461185/OiccvmUHD,"https://tvax2.sinaimg.cn/crop.166.142.415.415.180/948af5c9ly8h32ck7iloyj20ks0jhjry.jpg?KID=imgbed,tva&Expires=1718287535&ssig=gLBEMEFwbT",cpdd,https://weibo.com/u/2492134857,1
5043722729818911,32483,1717,857,æ— ,ã€#é«˜è€ƒ47å¹´æ¥è£¸åˆ†æœ€é«˜çš„è€ƒç”Ÿæ˜¯è°#ã€‘é«˜è€ƒ47å¹´æ¥è£¸åˆ†æœ€é«˜çš„è€ƒç”Ÿæ˜¯è°ï¼Ÿä»–å°±æ˜¯æ²³åŒ—çœ2018å¹´ç†ç§‘çŠ¶å…ƒå­™æµ©å®ã€‚æ®å…¬å¼€æ¶ˆæ¯ï¼Œå­™æµ©å®ä»¥è£¸åˆ†734ä¸Šæ¦œï¼Œæ‰“ç ´äº†æ²³åŒ—çœå†å²æœ€é«˜åˆ†çºªå½•ï¼Œæˆä¸ºäº†å²ä¸Šé«˜è€ƒåˆ†æ•°æœ€é«˜çš„ç¬¬äºŒåã€‚é™¤äº†æ€»åˆ†é«˜çš„ç¦»å¥‡ï¼Œå­™æµ©å®çš„å•ç§‘æˆç»©æ›´è®©äººæ„å¤–ã€‚æ•°å­¦æ¯«æ— æ‚¬å¿µï¼Œå­™æµ©å®æ‹¿äº†æ»¡åˆ†ï¼Œè‹±è¯­148åˆ†ï¼Œè¯­ â€‹,449,2024-06-10,é«˜è€ƒ,https://weibo.com/5043722729818911/OilqwFclx,"https://tvax3.sinaimg.cn/crop.0.0.1080.1080.180/0089lW6tly8hoadn0mfyyj30u00u0my4.jpg?KID=imgbed,tva&Expires=1718287535&ssig=XeeBnncHDI",è¥¿éƒ¨å†³ç­–,https://weibo.com/u/7467277921,1
5044543942558246,44,17,6, æ¹–åŒ—,æ¸…ååªæœ‰40%çš„å­¦ç”Ÿæ˜¯çº¯é«˜è€ƒè¿›å»çš„å—ï¼Ÿæ˜¯ä¸æ˜¯è¿™æ ·å“¦â€¦[åƒç“œ] â€‹,55,2024-06-12,é«˜è€ƒ,https://weibo.com/5044543942558246/OiGN4aJw2,"https://tvax2.sinaimg.cn/crop.0.0.1024.1024.180/755d050cly8hq63cbm0v1j20sg0sgt8x.jpg?KID=imgbed,tva&Expires=1718287535&ssig=0D92vLV5oJ",å“ˆä¾ ,https://weibo.com/u/1969030412,1
5043334559042675,62,14,6,æ— ,#å››å·é«˜è€ƒçœŸæ­£çš„é«˜è€ƒç”Ÿ#è¿‘æ—¥ï¼Œå››å·ä¹å±±ä¸€é«˜è€ƒè€ƒåœºå¤–å‡ºç°ä¸€åèº«é«˜223cmçš„17å²ç”·è€ƒç”Ÿï¼Œå¥½é«˜ï¼å¾ˆéš¾ä¸ä¸€çœ¼çœ‹åˆ°ï¼cr.å››å·è§‚å¯Ÿ http://t.cn/A6HeYuDU â€‹,133,2024-06-09,é«˜è€ƒ,https://weibo.com/5043334559042675/OibkrBWpB,"https://tvax3.sinaimg.cn/crop.0.0.995.995.180/766d9ca3ly8h8v3pkg9ifj20rn0rnq42.jpg?KID=imgbed,tva&Expires=1718287535&ssig=9%2BhIHmGzgX",æˆéƒ½æ ¡å›­,https://weibo.com/u/1986895011,0
5044866649948747,113,19,3, å››å·,èµ„åŠ©çš„å¦¹å¦¹é«˜è€ƒå®Œäº† â€‹,18,2024-06-13,é«˜è€ƒ,https://weibo.com/5044866649948747/OiPbyFK7F,"https://tvax1.sinaimg.cn/crop.0.0.566.566.180/830c2944ly8h0xiiluxuej20fq0fq3yu.jpg?KID=imgbed,tva&Expires=1718287535&ssig=S%2BgHujqyzs",ç¥å¥‡æµ·èº,https://weibo.com/u/2198612292,0
5044740965798747,435,0,2,æ— ,"ã€è€ƒè€ƒä½ ã€‘â€œç ç›®ç»“èˆŒâ€çš„æ­£ç¡®è¯»éŸ³æ˜¯ï¼Ÿ
#é«˜è€ƒåè¿™6æ ·ä¸œè¥¿åƒä¸‡ä¸èƒ½æ™’##å—äº¬å’–å•¡é˜¿å§¨å›åº”20å¤šå¤©èµšå‡ ç™¾ä¸‡# http://t.cn/A6Q7v9JE â€‹â€‹â€‹",124,2024-06-13,é«˜è€ƒ,https://weibo.com/5044740965798747/OiLUQokwb,"https://tvax1.sinaimg.cn/crop.0.0.600.600.180/7366d81aly8hn7z7djlo5j20go0gowfe.jpg?KID=imgbed,tva&Expires=1718287535&ssig=f%2FDr8W41s0",æ²³åŒ—é•¿åŸç½‘,https://weibo.com/u/1936119834,0
5043143143327499,138,2,0, æµ™æ±Ÿ,"æˆ‘çœ‹äº†é«˜è€ƒå¼ƒè€ƒè¿™å¥³å­©çš„äº‹ï¼æˆ‘è¿˜æ˜¯æŒºåŒæƒ…å¥¹çš„ï¼Œè™½ç„¶ç›®å‰æ²¡æœ‰çœ‹åˆ°å¤§è±¡æ–°é—»çš„åŸå‘åšï¼Œä½†æ˜¯æˆ‘å¤§è‡´ç›¸ä¿¡è¿™ä»¶äº‹å‘é…µè‚¯å®šæ˜¯æœ‰æ¥æºçš„ï¼Œå¦åˆ™å¾®åšæ‰“æ‹³çš„ä¹Ÿæ‰¾ä¸åˆ°åˆ‡å…¥ç‚¹ã€‚

è®¨åŒæ‰“æ‹³å’ŒåŒæƒ…è¿™ä½è€ƒç”Ÿå…¶å®æ²¡æœ‰ä»€ä¹ˆå…³ç³»ï¼Œè¿™ä½å¼ƒè€ƒå¥³å­©å¦‚æœæ˜¯è¢«è¦æ±‚æ¢é‹æ˜¯æ­£å¸¸çš„ï¼Œè¿™æ˜¯è§„çŸ©ï¼Œä½†æ˜¯ç©¿ç€å¼•å‘åª’ä½“æ€¼è„¸æ‹ï¼Œç„¶åæ”¾åˆ°ç½‘ç»œè¯„åˆ¤ï¼Œ â€‹",854,2024-06-09,é«˜è€ƒ,https://weibo.com/5043143143327499/Oi6lIdXDl,"https://tvax2.sinaimg.cn/crop.0.0.511.511.180/006S23Dply8hpjk5wu5lyj30e70e7jrp.jpg?KID=imgbed,tva&Expires=1718287535&ssig=UEP4BqX2fH",æ˜Ÿåœˆå½±åƒ,https://weibo.com/u/6295209767,1
5043339082860317,69,28,28,æ— ,ã€#1åˆ†é’Ÿå­¦ä¼šç²½å­ç›²ç›’#ã€‘ç«¯åˆæ°é€¢é«˜è€ƒï¼Œåšä¸ªè¶…ç®€å•çš„æŠ˜çº¸ç²½å­ï¼Œç¥è€ƒç”Ÿä»¬é‡‘æ¦œé¢˜åã€ä¸€ä¸¾é«˜â€œç²½â€ï¼ä½ çš„ç²½å­ç›²ç›’é‡Œæœ‰å“ªäº›ç¥ç¦å‘¢ï¼Ÿå¿«æ¥åŠ¨æ‰‹è¯•è¯•å§ï¼#åšä¸€ç‚¹æ‰‹å·¥#ï¼ˆå…‰æ˜æ—¥æŠ¥å…¨åª’ä½“è®°è€…å­™å˜‰é–ï¼‰ http://t.cn/A6HeHb6E â€‹,196,2024-06-09,é«˜è€ƒ,https://weibo.com/5043339082860317/OibrKc069,"https://tvax2.sinaimg.cn/crop.0.1.498.498.180/001wWKE8ly8h8uxhiewxpj60dw0dwjrq02.jpg?KID=imgbed,tva&Expires=1718287535&ssig=aLgqsBTNG%2B",å…‰æ˜æ—¥æŠ¥,https://weibo.com/u/1402977920,0
5043634992842555,105,41,9, å®‰å¾½,å°æ¹¾å¥³å­é«˜ä¸­ä»ªä»—é˜Ÿï¼Œè¿™ç²¾ç¥é¢è²Œç»äº†#é«˜è€ƒ# http://t.cn/A6HkcFB4 â€‹,61,2024-06-10,é«˜è€ƒ,https://weibo.com/5043634992842555/Oij91bVtF,"https://tvax1.sinaimg.cn/crop.0.0.1002.1002.180/66129f63ly8fnxs7rr1spj20ru0ruq4d.jpg?KID=imgbed,tva&Expires=1718287535&ssig=1Ij%2FJDl66O",å¯è’™ç”µå½±,https://weibo.com/u/1712496483,0
5043371506405582,458,21,28,æ— ,#é’æ˜¥å½“ç‡ƒä¸è®©##2024é«˜è€ƒå¿…èƒœ# é«˜è€ƒç»“æŸåæœ€æƒ³å¹²ä»€ä¹ˆï¼Ÿå¤§å®¶æœ€æƒ³åšçš„ç«Ÿç„¶æ˜¯â€¦æŸ“å¤´å‘ã€åšç¾ç”²ã€å»æ—…æ¸¸ï¼ï¼ˆé•¿æ±Ÿäº‘æ–°é—»è®°è€… ç‹å®‡ å¼ ç›Šæ’ï¼‰ http://t.cn/A6HeewQM â€‹,146,2024-06-09,é«˜è€ƒ,https://weibo.com/5043371506405582/Oici2qSnQ,"https://tvax1.sinaimg.cn/crop.0.0.600.600.180/001Q55EZly8hgb6f15owhj60go0go74y02.jpg?KID=imgbed,tva&Expires=1718287535&ssig=5bFJnxJEg1",é•¿æ±Ÿäº‘æ–°é—»,https://weibo.com/u/1685715705,0
5044737062734598,30,7,1, å±±ä¸œ,"#å­¦ç”Ÿç¯¡æ”¹7ååŒå­¦é«˜è€ƒå¿—æ„¿è·åˆ‘1å¹´åŠ#
åˆšå¼€å§‹çœ‹åˆ°è·åˆ‘ä¸€å¹´åŠè§‰å¾—åˆ¤çš„å¤ªè½»äº†ï¼Œæœ‰ç‚¹ä¸ç†è§£ï¼Œåæ¥çœ‹äº†ä¸‹å…¨æ–‡æ‰æ˜ç™½è¿™ä¸ƒä¸ªäººçš„ç¬¬ä¸€å¿—æ„¿æ ¹æœ¬æ²¡è€ƒä¸Šï¼Œæ‰€ä»¥æ²¡åˆ¤é‚£ä¹ˆé‡ã€‚ â€‹",149,2024-06-13,é«˜è€ƒ,https://weibo.com/5044737062734598/OiLOybtoq,"https://tvax1.sinaimg.cn/crop.0.0.1080.1080.180/005Meirwly8ho6kceaijaj30u00u0jtq.jpg?KID=imgbed,tva&Expires=1718287535&ssig=m7FDKHcMP6",ç©ºå¤©ç ºå‰‘,https://weibo.com/u/5293335778,1
5043073225331969,78,11,3, å››å·,#ç‰›è›™å½±å“é«˜è€ƒè¢«æŠ“åç»­#å¿µå…¶å‡ºå‘ç‚¹æ˜¯å¥½çš„ï¼Œå·²æ‰¹è¯„æ•™è‚²ï¼Œæ”¾å®ƒå›å®¶åƒé¥­äº†ã€‚ æ²¡è®©å®ƒçƒ¤ï¼Œä¹Ÿæ²¡æ”¾å­œç„¶  ç‰›è›™æ˜¯æƒ³æ¥ç»™è€ƒç”Ÿå‡è½»å‹åŠ›å—  çŸ¥é“ä»Šå¤©ä¸‹åˆçš„  é«˜è€ƒè‹±è¯­å¬åŠ› å¥½å¿«  è‹±è¯­ç»­å†™çœ‹ä¸æ‡‚#é«˜è€ƒåŠ æ²¹##é«˜è€ƒ# http://t.cn/A6HgxhBl â€‹,205,2024-06-08,é«˜è€ƒ,https://weibo.com/5043073225331969/Oi4wWmn5v,"https://tvax2.sinaimg.cn/crop.0.0.1080.1080.180/0074reLQly8hnxqw2iuypj30u00u1dkh.jpg?KID=imgbed,tva&Expires=1718287535&ssig=yKgcdTsBUV",ä½“ç•Œé£äº‘,https://weibo.com/u/6478526806,1
5044549526749458,34,36,9, å±±ä¸œ,"#æ²¡å«é†’å­©å­é”™è¿‡é«˜è€ƒ# ğŸ’”ã€é«˜è€ƒæ‚²å‰§ï¼Œè°ä¹‹è¿‡ï¼Ÿã€‘

è¿™ä½å®¶é•¿çš„ä¸€æ—¶ç–å¿½ï¼Œè®©å­©å­çš„#é«˜è€ƒ# æ¢¦ç ´ç­ï¼Œä»¤äººç—›å¿ƒã€‚ç„¶è€Œï¼Œæˆ‘ä»¬ä¹Ÿåº”è¯¥åæ€ï¼Œè¿™ä½å‚åŠ é«˜è€ƒçš„å­¦ç”Ÿï¼Œä¸ºä½•ä¸èƒ½è‡ªå·±è®¾å®šä¸€ä¸ªé—¹é’Ÿæé†’è‡ªå·±å‘¢ï¼Ÿ

åœ¨è¿™ä¸ªå†³å®šä¸€ç”Ÿçš„æ—¶åˆ»ï¼ŒåŒæ–¹çš„ç–å¿½éƒ½è®©è¿™åœºè€ƒè¯•æˆä¸ºäº†ä¸€åœºæ‚²å‰§ã€‚å¸Œæœ›æˆ‘ä»¬èƒ½ä»ä¸­å¸å–æ•™è®­ï¼Œé¿å…ç±»ä¼¼çš„é”™è¯¯ â€‹",290,2024-06-12,é«˜è€ƒ,https://weibo.com/5044549526749458/OiGW4sjQe,"https://tvax3.sinaimg.cn/crop.0.0.600.600.180/44fea84dly8hdanygl9cpj20go0goq4v.jpg?KID=imgbed,tva&Expires=1718287535&ssig=SKZGh4VGvX",è´¾æ•¬å,https://weibo.com/u/1157539917,1
5043719088113646,111,0,7,æ— ,#2024å¹´é«˜è€ƒ#ã€2024å¹´é«˜è€ƒâ€œä¸Šæ–°â€å“ªäº›é¢˜ï¼Ÿã€‘ä»Šå¤©ï¼Œéšç€åŒ—äº¬ã€å¤©æ´¥ã€ç”˜è‚ƒã€å±±ä¸œã€æµ™æ±Ÿç­‰çœä»½ç»“æŸé«˜è€ƒï¼Œ2024å¹´é«˜è€ƒè½ä¸‹å¸·å¹•ã€‚ä»Šå¹´ï¼Œæœ‰1342ä¸‡è€ƒç”ŸæŠ¥åé«˜è€ƒï¼Œäººæ•°å†åˆ›æ–°é«˜ã€‚å‰æ—ã€é»‘é¾™æ±Ÿã€å®‰å¾½ã€æ±Ÿè¥¿ç­‰ç¬¬å››æ‰¹å®æ–½é«˜è€ƒç»¼åˆæ”¹é©çš„çœä»½ï¼Œé¦–æ¬¡é‡‡ç”¨â€œ3+2+1â€é€‰è€ƒæ¨¡å¼ã€‚ä»Šå¹´çš„é«˜è€ƒé¢˜æœ‰ä»€ä¹ˆä¸ä¸€æ ·ï¼Ÿ â€‹,306,2024-06-10,é«˜è€ƒ,https://weibo.com/5043719088113646/OilkEy2Jg,"https://tvax4.sinaimg.cn/crop.0.0.497.497.180/79942c81ly8h8vhijkua1j20dt0dtwek.jpg?KID=imgbed,tva&Expires=1718287535&ssig=qBjc%2BaURwE",CCTV4,https://weibo.com/u/2039753857,0
5043070272538307,52,1,33, å‰æ—,#ç”·ç”Ÿå¤§å››é€€å­¦è‰ºè€ƒäº”å¹´ä»è½æ¦œ#çœ‹åˆ°æœ±ç¥ºçš„æ•…äº‹ï¼Œå¿ƒé‡ŒæŒºéœ‡æ’¼çš„ã€‚èƒ½ç†è§£ä»–å¯¹è‰ºæœ¯çš„æ‰§ç€ï¼Œæ¯•ç«Ÿè¿½æ¢¦è·¯ä¸Šæ€»å¾—æœ‰ç‚¹å„¿â€œç–¯â€ã€‚äº”å¹´è‰ºè€ƒï¼Œå“ªæ€•å¤±è´¥ä¹Ÿä¸åæ‚”ï¼Œè¿™ä»½åšæŒæœ¬èº«å°±æ˜¯ä¸€ç§èƒœåˆ©ã€‚ç°åœ¨ä»–å¼€äº†ç”µç©åº—ï¼Œæ–°ç›®æ ‡æ–°æŒ‘æˆ˜ï¼ŒæŒºå¥½çš„ã€‚ç¥ä»–ç”Ÿæ„å…´éš†ï¼Œæœªæ¥èƒ½åœ†æ›´å¤šæ¢¦ï¼#ä½ ä¼šé€‰æ‹©åœ¨å¤§å››é€€å­¦åé‡æ–°é«˜è€ƒä¹ˆ# â€‹,266,2024-06-08,é«˜è€ƒ,https://weibo.com/5043070272538307/Oi4sbaEkr,"https://tvax4.sinaimg.cn/crop.0.0.607.607.180/6e7ed150ly1h84jwp764oj20gv0gvq44.jpg?KID=imgbed,tva&Expires=1718287535&ssig=KoEIDli4j3",ä¼˜ä¼˜çš„ç‹®å­å¦ˆå’ª,https://weibo.com/u/1853804880,1
5044381474102425,149,62,61,æ— ,#é«˜è€ƒç»“æŸåçš„å¾…åŠäº‹é¡¹#ã€#é«˜è€ƒç”Ÿé€ç»™è‡ªå·±çš„å›½é£æ¯•ä¸šç¤¼ç‰©#ã€‘6æœˆ10æ—¥ï¼Œé™•è¥¿è¥¿å®‰ã€‚åˆšç»“æŸé«˜è€ƒçš„ä¸¤åå­¦ç”ŸæŒ‰ç…§çº¦å®šï¼Œå®Œæˆäº†è€ƒåå¾…åŠæ¸…å•çš„ç¬¬ä¸€é¡¹ï¼Œé€ç»™è‡ªå·±ä¸€å¥—æ±‰æœå›½é£æ¯•ä¸šç…§ã€‚æ®é“¶æ³°ç™¾è´§æ›²æ±Ÿåº—æ±‰æœåº—è´Ÿè´£äººä»‹ç»ï¼Œéšç€æ¯•ä¸šå­£çš„åˆ°æ¥ï¼Œå„å¤§æ±‰æœåº—å‡ºç°å­¦ç”Ÿæ‰å †ç°è±¡ï¼Œå¤§å®¶éƒ½ä¸çº¦è€ŒåŒé€‰æ‹©ç”¨å›½é£æ–¹å¼ä¸ºè‡ªå·±çš„å­¦ â€‹,332,2024-06-12,é«˜è€ƒ,https://weibo.com/5044381474102425/OiCz1hde9,"https://tvax1.sinaimg.cn/crop.0.0.1080.1080.180/007Nhh57ly8h8vhx69yt3j30u00u0wfo.jpg?KID=imgbed,tva&Expires=1718287535&ssig=aAuGXrdOmN",é“éª¥è§†é¢‘,https://weibo.com/u/7141087529,1
5043381074136335,374,32,31, åŒ—äº¬,çœ‹åˆ°ä¸€ç¯‡çƒ­å¸–ï¼Œè¯´ä¸­å›½äººæ²¡æœ‰gapyearï¼Œä¸€ç”Ÿä¸å…è®¸æœ‰gapï¼Œè·å¾—äº†å¾ˆå¤šèµåŒä¸å…±é¸£ã€‚äº‹å®ä¸Šï¼Œè°è¯´ä¸­å›½äººæ²¡æœ‰gapyearå‘¢ï¼Ÿå…¶å®æˆ‘ä»¬ä¸­å›½äººä¹Ÿæ˜¯æœ‰gapyearçš„ï¼šé«˜è€ƒå¤è¯»ä¸€å¹´ï¼Œè€ƒç ”äºŒæˆ˜ä¸€å¹´ï¼Œå¤±ä¸šåœ¨å®¶çµæ´»å°±ä¸šå‡ å¹´ï¼ŒåŠªåŠ›è€ƒå…¬è€ƒç¼–å‡ å¹´ï¼Œè¿™äº›éƒ½æ˜¯è¶Šæ¥è¶Šå¤šå¹´è½»äººæ­£åœ¨äº«æœ‰çš„gapyearã€‚[è‹¦æ¶©] â€‹,253,2024-06-09,é«˜è€ƒ,https://weibo.com/5043381074136335/Oicxthm35,"https://tvax4.sinaimg.cn/crop.0.0.641.641.180/0062U1Tyly8hhzuj5cok8j30ht0htdg3.jpg?KID=imgbed,tva&Expires=1718287535&ssig=Sc3Y6NghlW",è€¿å‘é¡º,https://weibo.com/u/5539703320,1
5044811302965655,85,14,6,æ— ,#ä¸€è¯ºä¸ºæ¬§æ´²æ¯æ‰“call#Â #å’Œä¸€è¯ºä¸€èµ·çœ‹æ¬§æ´²æ¯#æ¬§æ´²æ¯çš„æˆ˜ç«å·²ç»ç‚¹ç‡ƒï¼Œè¶³çƒä¹‹é­‚åœ¨å’ªå’•çš„å¤å¤©é‡Œç†Šç†Šç‡ƒçƒ§ã€‚@AGä¸€è¯ºovoÂ é‚€è¯·æ‚¨ä¸Š@å’ªå’•è§†é¢‘Â ï¼Œä¸€èµ·æ„Ÿå—é€Ÿåº¦ä¸æ¿€æƒ…çš„ç¢°æ’ï¼Œè§è¯æ™ºæ…§ä¸å‹‡æ°”çš„è¾ƒé‡ï¼Œä¸ºæ¬§æ´²æ¯æ‰“callå§ï¼#ç¾¤æ˜Ÿä¸ºå’ªå’•æ¬§æ´²æ¯æ‰“call#Â  http://t.cn/A6Q79fwD â€‹,238,2024-06-13,æ¬§æ´²æ¯,https://weibo.com/5044811302965655/OiNKicrv9,"https://tvax4.sinaimg.cn/crop.0.0.174.174.180/006TJIxply8h8vm1ufzt0j30500500sp.jpg?KID=imgbed,tva&Expires=1718287539&ssig=wV2QmwbIvq",å’ªå’•ä½“è‚²,https://weibo.com/u/6320391439,0
5044599732568726,114,2,9, é‡åº†,#å§†å·´ä½©[è¶…è¯]# çš‡é©¬å°†äº7æœˆ16æ—¥åœ¨ä¼¯çº³ä¹Œçƒåœºä¸¾è¡Œå§†å·´ä½©çš„äº®ç›¸ä»ªå¼ã€‚[@RMCsport] â€‹,75,2024-06-13,æ¬§æ´²æ¯,https://weibo.com/5044599732568726/OiIf3aMf4,"https://tvax1.sinaimg.cn/crop.0.0.1080.1080.180/006BDP2Oly8hcnqpthzygj30u00u0q6o.jpg?KID=imgbed,tva&Expires=1718287539&ssig=7Ny0nJ0mTE",å§†å·´ä½©Â·MOMO,https://weibo.com/u/6053012434,0
5043339078665430,86,21,8, æ¹–åŒ—,"æœ€ç¾çš„ä¸æ˜¯ä¸‹é›¨å¤©ï¼Œè€Œæ˜¯ä½ äº²å»å¥–æ¯çš„é‚£ä¸€ç¬é—´ğŸ˜˜

ğŸ†ä»Šå¤çš„æ¬§æ´²æ¯ï¼Œå“å°å† å†›è£è€€çš„çƒé˜Ÿä¼šæ˜¯_______

#2024æ¬§æ´²æ¯# â€‹",109,2024-06-09,æ¬§æ´²æ¯,https://weibo.com/5043339078665430/OibrJAmh0,"https://tvax4.sinaimg.cn/crop.0.0.400.400.180/007N9iknly8halidhyfsgj30b40b4dfy.jpg?KID=imgbed,tva&Expires=1718287539&ssig=yTagwbNyaG",UEFAæ¬§æ´²æ¯,https://weibo.com/u/7139185695,0
5044357146872943,6442,219,15, è‹±å›½,"ã€å…¨åœºé›†é”¦ å‹è°Šèµ›-è‘¡è„ç‰™3æ¯”0çˆ±å°”å…°ã€‘

Â· Bè´¹åŠ©æ”»è²åˆ©å…‹æ–¯ç ´é—¨
Â· Cç½—æ¢…å¼€äºŒåº¦+ä»»æ„çƒä¸­æŸ± http://t.cn/A6Qvmwxi â€‹",105,2024-06-12,æ¬§æ´²æ¯,https://weibo.com/5044357146872943/OiBVMsPXV,"https://tva1.sinaimg.cn/crop.0.1.363.363.180/b8af84b9jw8eoipu4cbd8j20a30a6wfw.jpg?KID=imgbed,tva&Expires=1718287539&ssig=vH%2Fzc1Mv8M",è‹±å›½è¶³çƒé‚£ç‚¹äº‹,https://weibo.com/u/3098510521,1
5044530951489822,85,24,49, å¹¿ä¸œ,"ç›¸ä¿¡å¤§å®¶éƒ½çœ‹åˆ°äº†ç”·è¶³æ™‹çº§ä¸‹ä¸€é˜¶æ®µ18å¼ºèµ›çš„äº‹æƒ…äº†ã€‚
è¿™è¯´æ˜ä»€ä¹ˆï¼Ÿè¯´æ˜ã€Œä¸­å›½è¶³çƒæœ‰ç¾å¥½æœªæ¥ã€çš„ï¼Œå› ä¸ºè¿æ°”ä¹Ÿå±äºå®åŠ›çš„ä¸€éƒ¨ä»½ã€‚

ä½†åœ¨çƒæŠ€æ‹‰èƒ¯çš„æ—¶å€™ï¼Œå•é è¿æ°”ä¹Ÿä¸è¡Œï¼Œæ‰€ä»¥ï¼Œåœ¨æˆ‘ä»¬æœ‰ç€å¹¸è¿ä¹‹ç¥çœ·é¡¾çš„æ—¶å€™æ›´è¦çæƒœå½“ä¸‹å·²æœ‰æˆ–å³å°†èƒ½å¾—åˆ°çš„èµ„æºï¼Œå¢å¼ºå®åŠ›ï¼Œä»¥ä¾¿åº”å¯¹ã€Œé€†é£å±€ã€ã€‚

å¯¹äºæˆ‘ä»¬çš„ç”·è¶³ç°çŠ¶æ¥ â€‹",755,2024-06-12,æ¬§æ´²æ¯,https://weibo.com/5044530951489822/OiGs76fzo,"https://tvax4.sinaimg.cn/crop.0.0.512.512.180/006LuTCGly8hnz09mzpyuj30e80e874f.jpg?KID=imgbed,tva&Expires=1718287539&ssig=L04J4QJQL1",å¥½å¤§çš„å¥•,https://weibo.com/u/6198648442,1
5043074837513431,615,5,5, ä¸Šæµ·,"ğŸ™ŒğŸ»2021å¹´çš„ä»Šå¤©ï¼Œè¯ºä¼Šå°”åœ¨å¾·å›½é˜Ÿ7æ¯”1å¤§èƒœæ‹‰è„±ç»´äºšçš„æ¯”èµ›ä¸­ï¼Œæˆä¸ºå¾·å›½å›½å®¶é˜Ÿå†å²ä¸Šé¦–ä½ç™¾åœºé—¨å°†ï¼

é‚£ä¹ˆä½ çŸ¥é“å“ªä½æ‹œä»é—¨ç¥æ˜¯å¾·å›½é˜Ÿå‡ºåœºæ¬¡æ•°ç¬¬äºŒå¤šçš„é—¨å°†å—ï¼Ÿ
#æ‹œä»æ…•å°¼é»‘#  http://t.cn/A6HgzHSo â€‹",187,2024-06-08,æ¬§æ´²æ¯,https://weibo.com/5043074837513431/Oi4zxvwAn,"https://tvax1.sinaimg.cn/crop.0.0.600.600.180/003f4MBBly8hn4nd8t90xj60go0gomzw02.jpg?KID=imgbed,tva&Expires=1718287539&ssig=CBeiENUrhJ",æ‹œä»æ…•å°¼é»‘è¶³çƒä¿±ä¹éƒ¨,https://weibo.com/u/2971183691,0
5044171949737613,79,5,24, å¾·å›½,"è“è¡£å†›å›¢å¾ç¨‹æ—¥è®°ï¼å¾·å›½æ¬§æ´²æ¯ï¼Œå«å†•å† å†›æ„å¤§åˆ©æ¥äº†ï¼[æ†§æ†¬]

ğŸ‡®ğŸ‡¹ğŸ’™ #æ„å¤§åˆ©å›½å®¶é˜Ÿ##azzurri##2024æ¬§æ´²æ¯# http://t.cn/A6Hs1G4n â€‹",127,2024-06-11,æ¬§æ´²æ¯,https://weibo.com/5044171949737613/Oix74ERch,"https://tvax1.sinaimg.cn/crop.0.0.600.600.180/008jmatCly8h9pfie7rv6j30go0go3zr.jpg?KID=imgbed,tva&Expires=1718287539&ssig=6CNAqeqSH2",æ„å¤§åˆ©è¶³çƒé˜ŸAzzurri,https://weibo.com/u/7615096532,0
5044193108168982,135,10,9, ä¸­å›½é¦™æ¸¯,"ğŸ‘€

#è´æ—å„å§†##halamadrid# â€‹â€‹â€‹ http://t.cn/A6QvAv0e â€‹",56,2024-06-11,æ¬§æ´²æ¯,https://weibo.com/5044193108168982/OixFcyh7M,"https://tvax3.sinaimg.cn/crop.0.0.1080.1080.180/0067cR2cly8hft2mqomyjj30u00u0wg5.jpg?KID=imgbed,tva&Expires=1718287539&ssig=9NrDlU3JlB",çš‡é©¬çƒè¿·è¯­å½•,https://weibo.com/u/5603295148,0
5044743432050641,42,15,3, ä¸Šæµ·,é¢ çƒæ¯”èµ›æˆ‘ä¼šè¾“ï¼Ÿæ€ä¹ˆå¯èƒ½ï¼æ¥å’±ã€çƒè¿·åŠ æ²¹ç«™ã€‘ï¼Œçœ‹æˆ‘ç§€å‡ºç»æ‹›ï¼#æ¬§æ´²æ¯##è¶³çƒ# http://t.cn/A6Q7PZVV â€‹,95,2024-06-13,æ¬§æ´²æ¯,https://weibo.com/5044743432050641/OiLYP8BsR,"https://tvax2.sinaimg.cn/crop.0.0.1080.1080.180/8a0fd9f3ly8ge9n69yh64j20u00u0aco.jpg?KID=imgbed,tva&Expires=1718287539&ssig=1DIknkGe9m",è‘£æ–¹å“,https://weibo.com/u/2316294643,0
5044841404958352,160,1,0, å››å·,"#æ±Ÿäº†ä¸ªçƒ# å¤©ç©ºä¸€å£°å·¨å“ï¼ŒçœŸçˆ±ç²‰è€é“å“¥é—ªäº®ç™»åœºï¼è€é“å“¥è¿™æ˜¯æ—¥æ—¥æ”¶ï¼Œæœˆæœˆçˆ½å•Šï¼[è‰²]

ä¼šå‘˜è¿ç»­å››å¤©å¤§æ»¡è´¯ï¼è¿ç»­å‘½ä¸­63å€ç¬”åˆ†ä¸²ã€56å€ç¬”åˆ†ä¸²ã€55.37å€æ‹çˆ±ã€11.2å€åšã€9.44å€åšï¼[è‰²]è¿›ç¾¤æ­¥éª¤ï¼š1ï¸âƒ£é¢†å–ä¸“å±å›å½’åˆ¸http://t.cn/A6HHpVcb 2ï¸âƒ£æˆä¸ºçœŸçˆ±ç²‰http://t.cn/A6Xei4pU æ¬§æ´²æ¯å¤§è‚¥è‚ ç­‰ä½ [æ¥] â€‹",276,2024-06-13,æ¬§æ´²æ¯,https://weibo.com/5044841404958352/OiOwQkNTq,"https://tvax1.sinaimg.cn/crop.0.0.1080.1080.180/e842c6e3ly8h79jti08qej20u00u0wh9.jpg?KID=imgbed,tva&Expires=1718287539&ssig=0hGawm3GWT",æ±Ÿäº†ä¸ªçƒ,https://weibo.com/u/3896690403,1
5044441385273180,301,71,9, åŒ—äº¬,#æ¯”äºšè¿ªé‚€ç™¾åè¶³çƒå°‘å¹´å»æ¬§æ´²æ¯# ä¸­å›½è¶³çƒè¦æ˜¯æœ‰ä¸­å›½æ±½è½¦çš„åŠ²å¤´ï¼Œæ˜¨å¤©ä¹Ÿè®¸å°±èƒ½èµ¢éŸ©å›½äº†â€¦â€¦ä¸­å›½æ±½è½¦nbï¼Œä¸­å›½è¶³çƒåŠ æ²¹å§ï¼ â€‹,113,2024-06-12,æ¬§æ´²æ¯,https://weibo.com/5044441385273180/OiE7Em7Ni,"https://tvax4.sinaimg.cn/crop.0.0.1080.1080.180/005JvqR1ly8hdx3yekvs2j60u00u0jsn02.jpg?KID=imgbed,tva&Expires=1718287539&ssig=xRICOypqZg",èåœæŠ¥å‘Š,https://weibo.com/u/5253090679,0
5044504107158438,65,5,0, æ¹–åŒ—,"#Cç½—ä»2gç½‘è¸¢åˆ°5gç½‘#
æ—¶é—´å‘€â€¦â€¦åœ¨ä»–çš„èº«ä¸Šå·²ç»å‡å›ºäº†å¾ˆå¤šå¹´å¾ˆå¤šå¹´â€¦â€¦ä¹Ÿè®¸#Cç½—è¸¢ä¸è¿‡çš„åªæœ‰æ—¶é—´#âš½ 
â€”â€”â€”â€”â€”â€”â€”â€”â€”â€”â€”â€”â€”â€”â€”â€”â€”â€”â€”â€”â€”
â€œè¿›çƒæ˜¯ä¸€ä»¶ç¾å¦™çš„äº‹ï¼Œä½†å¯¹æˆ‘æ¥è¯´ï¼Œæˆ‘æ€»æ˜¯è¯•ç€å»äº«å—å®ƒï¼Œæˆ‘çŸ¥é“æˆ‘ç”Ÿæ¶¯å‰©ä½™çš„æ—¶é—´ä¸å¤šäº†ï¼Œæˆ‘å·²ç»39å²äº†ï¼Œä½†æ¯å¹´æˆ‘éƒ½å¾ˆäº«å—ï¼Œå¦‚æœæˆ‘è¿›çƒï¼Œé‚£æ˜¯å› ä¸ºæˆ‘çš„åŸº â€‹",434,2024-06-12,æ¬§æ´²æ¯,https://weibo.com/5044504107158438/OiFKOu2eG,"https://tvax4.sinaimg.cn/crop.0.0.640.640.180/af255dd5ly8hnjzftavpyj20hs0hsdhy.jpg?KID=imgbed,tva&Expires=1718287539&ssig=XvFxHubC3y",_å°å¤œNanako7,https://weibo.com/u/2938461653,0
5043116698763936,105,14,24, å±±ä¸œ,è€³ç†Ÿèƒ½è¯¦çš„æ¬§å† ä¸»é¢˜æ›²ï¼Œæ­Œè¯ç”±æ¥ä½ çŸ¥é“å—#è¶³çƒ##æ¬§æ´²æ¯# http://t.cn/A6HgFSXS â€‹,73,2024-06-08,æ¬§æ´²æ¯,https://weibo.com/5043116698763936/Oi5F3ALTO,"https://tvax2.sinaimg.cn/crop.0.0.1006.1006.180/90b26fd7ly8gtbirk93zjj20ry0ryjsy.jpg?KID=imgbed,tva&Expires=1718287539&ssig=inW3eT6li5",æ¬§æ´²è¶³çƒè®°å½•è€…,https://weibo.com/u/2427613143,1
5044161570670523,390,75,20, å¹¿ä¸œ,#æ¯”äºšè¿ªåŠ©åŠ›ä¸­å›½è¶³çƒå°‘å¹´è·‘å‘ä¸–ç•Œ#ä½œä¸ºå…¨çƒæ–°èƒ½æºé”€é‡çš„å† å†›ï¼Œæ¯”äºšè¿ªä¸ä»…è‡´åŠ›äºç¯ä¿ç§‘æŠ€ï¼Œä¹Ÿåœ¨ç§¯ææ”¯æŒé’å°‘å¹´æˆé•¿ã€‚è¿™æ¬¡æˆä¸ºæ¬§æ´²æ¯å®˜æ–¹åˆä½œä¼™ä¼´ï¼Œå°±å½°æ˜¾äº†æ¯”äºšè¿ªçš„å…¨çƒæ ¼å±€å’Œç¤¾ä¼šè´£ä»»ã€‚æˆ‘ä»¬å¸¸è¯´â€œå°‘å¹´å¼ºåˆ™å›½å¼ºâ€ï¼Œæ¯”äºšè¿ªä¸€ç›´åœ¨è¡ŒåŠ¨ï¼ŒåŠ©åŠ›ä¸­å›½é’å°‘å¹´å‹‡æ•¢è¿½æ¢¦ã€‚çœ‹åˆ°æ¯”äºšè¿ªè¿™æ ·çš„ä¸­å›½å“ç‰Œå‡ºæµ·ï¼Œä¸ç¦è®©æˆ‘æ„Ÿ â€‹,458,2024-06-11,æ¬§æ´²æ¯,https://weibo.com/5044161570670523/OiwQl2OqT,"https://tvax1.sinaimg.cn/crop.0.0.1080.1080.180/006qeMadly8hqldl3aqrnj30u00u076r.jpg?KID=imgbed,tva&Expires=1718287539&ssig=02f5rw%2FuXa",æŸ³å¼›å¼›,https://weibo.com/u/5884503465,0
5044306597380373,144,32,7, æ¹–åŒ—,"æ¢…å¼€äºŒåº¦ï¼ŒCç½—çŠ¶æ€çœŸæ˜¯å¥½å•Šï¼Œæ‰“æ»¡å…¨åœºï¼Œ39å²Cç½—è¿˜æ˜¯è‘¡è„ç‰™æœ€é¡¶çº§çš„å‰é”‹ï¼Œè¿˜æ²¡æœ‰çƒå‘˜èƒ½ä»£æ›¿ï¼Œå³ä½¿39å²äº†!
Cç½—æ˜¯æ¬§æ´²æ¯æ ¸å¿ƒé¦–å‘ä½ç½®ï¼Œå®šäº†ï¼
æ‹¿ä¸ªæ¬§å† +é‡‘é´å§!siuuu!#è‘¡è„ç‰™3æ¯”0çˆ±å°”å…°#ä¸‹ä¸€åœºæ¯”èµ›ï¼Œå°±æ˜¯æ¬§æ´²æ¯å°ç»„èµ›äº†!
#cç½—æ¢…å¼€äºŒåº¦# http://t.cn/A6QvYRNz â€‹",236,2024-06-12,æ¬§æ´²æ¯,https://weibo.com/5044306597380373/OiACfuXYh,"https://tvax1.sinaimg.cn/crop.0.0.1080.1080.180/eb781261ly8ho6ljn85ahj20u00u0gp3.jpg?KID=imgbed,tva&Expires=1718287539&ssig=tz0ycBQdJs",ä¸€ä¾è¯´çƒ,https://weibo.com/u/3950514785,0
5044129917045572,69,56,68, åŒ—äº¬,"#æ¯”äºšè¿ªåŠ©åŠ›ä¸­å›½è¶³çƒå°‘å¹´è·‘# ä½ çŸ¥é“è¶³çƒçš„é­…åŠ›æ˜¯ä»€ä¹ˆå—ï¼Ÿæ— å…³ä¹å›½ç•Œã€æ— å…³ä¹æ€§åˆ«ï¼Œåªå…³äºå†…å¿ƒï¼›ä¸­å›½æœ‰å¾ˆå¤šçš„è¶³çƒå°‘å¹´ï¼Œâ€œå¿ƒæœ‰çŒ›è™ï¼Œç»†å—…è”·è–‡â€ï¼

Cç½—ã€å§†å·´ä½©ã€å¾·å¸ƒåŠ³å†…ä»¬æœ‰ä¸€ç§é­”åŠ›ï¼Œèƒ½å¾æœä»»ä½•çƒ­çˆ±è¶³çƒçš„äººï¼›#æ¬§æ´²æ¯# å®˜æ–¹åˆä½œä¼™ä¼´æ¯”äºšè¿ªä¼´éšè¿™ç¾¤ä¸­å›½è¶³çƒå°‘å¹´ä»¬ï¼Œæ­£åœ¨åœ†æ¢¦çš„è·¯ä¸Šã€‚ â€‹",263,2024-06-11,æ¬§æ´²æ¯,https://weibo.com/5044129917045572/Oiw1htySg,"https://tvax4.sinaimg.cn/crop.0.0.600.600.180/008DNd7oly8hqalqcv3s6j30go0gomyv.jpg?KID=imgbed,tva&Expires=1718287539&ssig=9y5purbI5g",çƒåœºæ‘Šæ‰‹æ€ª,https://weibo.com/u/7917068262,0
5044864036898647,46,14,17, å¹¿ä¸œ,"ğŸ“¸ é½é½æ•´æ•´çš„å®šå¦†ç…§ @UEFAæ¬§æ´²æ¯ 

#å…‹ç½—åœ°äºšçƒè¿·ä¿±ä¹éƒ¨[è¶…è¯]##æ ¼å­å†›å›¢æ¬§æ´²æ¯åŠ æ²¹# â€‹",82,2024-06-13,æ¬§æ´²æ¯,https://weibo.com/5044864036898647/OiP7lsWEv,"https://tvax4.sinaimg.cn/crop.0.0.1080.1080.180/0083a7EYly8gdi71cj3mhj30u00u00ut.jpg?KID=imgbed,tva&Expires=1718287539&ssig=4v1GCpTBJ2",å…‹ç½—åœ°äºšè¶³çƒé˜Ÿ_HNS,https://weibo.com/u/7375804392,0
5043244423184430,388,33,24, é‡åº†,"see you againâ€¦

#è«å¾·é‡Œå¥‡##cç½—# http://t.cn/A6HeV9vK â€‹",53,2024-06-09,æ¬§æ´²æ¯,https://weibo.com/5043244423184430/Oi8Z4dmpM,"https://tvax4.sinaimg.cn/crop.0.0.1080.1080.180/67516752gy1hog0innehfj20u00u0jw7.jpg?KID=imgbed,tva&Expires=1718287539&ssig=kKqVfDK%2FYu",çš‡é©¬çƒè¿·æ—¥å¿—,https://weibo.com/u/1733388114,1
5043667134318965,1793,145,90, æµ™æ±Ÿ,"çªå‘ï¼

Cç½—#2024æ¬§æ´²æ¯# å®šå¦†ç…§å…¬å¸ƒï¼

å¸…ä¸å¸…ï¼ â€‹â€‹â€‹#Cç½—æ¬§æ´²æ¯å®šå¦†ç…§# â€‹",70,2024-06-10,æ¬§æ´²æ¯,https://weibo.com/5043667134318965/OijYRi7yJ,"https://tvax4.sinaimg.cn/crop.0.0.400.400.180/007N9iknly8halidhyfsgj30b40b4dfy.jpg?KID=imgbed,tva&Expires=1718287540&ssig=oyITWTmp4F",UEFAæ¬§æ´²æ¯,https://weibo.com/u/7139185695,0
5044559636339873,97,3,2, é‡åº†,"#å§†å·´ä½©[è¶…è¯]# â€œæˆ‘éå¸¸æƒ³èµ¢å¾—è¿™æ¬¡æ¯”èµ›ã€‚ä½œä¸ºé˜Ÿé•¿çš„ç¬¬ä¸€æ¬¡ç«èµ›ï¼Œå¯¹æˆ‘æ¥è¯´çœŸçš„éå¸¸é‡è¦ã€‚â€
[åŠ æ²¹][åŠ æ²¹][åŠ æ²¹] â€‹",104,2024-06-12,æ¬§æ´²æ¯,https://weibo.com/5044559636339873/OiHcnqBi1,"https://tvax1.sinaimg.cn/crop.0.0.1080.1080.180/006BDP2Oly8hcnqpthzygj30u00u0q6o.jpg?KID=imgbed,tva&Expires=1718287540&ssig=ulhhD%2FnLg0",å§†å·´ä½©Â·MOMO,https://weibo.com/u/6053012434,0
5044358824595501,51,23,5,æ— ,ã€#ä¸–é¢„èµ›äºšæ´²åŒº18å¼ºçƒé˜Ÿå‡ºç‚‰#ã€‘6æœˆ11æ—¥æ™šï¼Œå›½è¶³è™½ç„¶åœ¨ä¸–é¢„èµ›ç¬¬äºŒé˜¶æ®µçš„æœ€åä¸€åœºæ¯”èµ›ä¸­0æ¯”1ä¸æ•ŒéŸ©å›½ï¼Œä½†åœ¨ç«äº‰å¯¹æ‰‹æ³°å›½é˜Ÿæœ«è½®3æ¯”1å‡»è´¥æ–°åŠ å¡çš„æƒ…å†µä¸‹ï¼Œå›½è¶³è¿˜æ˜¯å‡­å€Ÿåœ¨èƒœè´Ÿå…³ç³»ä¸Šçš„ä¼˜åŠ¿æƒŠé™©å‡ºçº¿ï¼Œæ™‹çº§ä¸–é¢„èµ›äºšæ´²åŒº18å¼ºèµ›ã€‚è€Œå¦‚ä»Šï¼Œä¸–é¢„èµ›18å¼ºèµ›çš„çƒé˜Ÿåå•ä¹Ÿå·²ç»å…¨éƒ¨äº§ç”Ÿï¼Œåˆ†åˆ«æ˜¯ï¼šå¡å¡”å°”ã€ç§‘å¨ç‰¹ã€æ—¥æœ¬ â€‹,517,2024-06-12,æ¬§æ´²æ¯,https://weibo.com/5044358824595501/OiBYujhuZ,"https://tvax1.sinaimg.cn/crop.11.10.275.275.180/005vnhZYly8ftjmwo0bx4j308c08cq32.jpg?KID=imgbed,tva&Expires=1718287540&ssig=Jwh%2BjX5D3c",æ¾æ¹ƒæ–°é—»,https://weibo.com/u/5044281310,0
5044322862891724,498,36,111, å¤©æ´¥,"#Cç½—[è¶…è¯]# 
åªè¦æœ‰Cç½—åœ¨ä¸€å¤© è‘¡è„ç‰™å°±ä¸ä¼šæ•£ ä½ å¯ä»¥æ°¸è¿œç›¸ä¿¡ä»– ä¸å¥½æ„æ€çŠ¶æ€å°±æ˜¯å¥½å¾—ä¸å¯æ€è®®[é˜´é™©]
Cç½—å…¨åœºhighlight Cut
#è‘¡è„ç‰™3æ¯”0çˆ±å°”å…°##cç½—æ¢…å¼€äºŒåº¦# http://t.cn/A6QvTsk5 â€‹",169,2024-06-12,æ¬§æ´²æ¯,https://weibo.com/5044322862891724/OiB2uc8gI,"https://tvax4.sinaimg.cn/crop.0.0.288.288.180/005Vn71yly1hl87ib7fwlj3080080jrh.jpg?KID=imgbed,tva&Expires=1718287540&ssig=KCCFbPHsWa",_FirstSnow,https://weibo.com/u/5428423860,0
5044437667284792,757,374,433, ç¦å»º,#æ’’è´å®é—®è´ºç‚œæ¬§æ´²æ¯ä¸ºä½•æ²¡å·´è¥¿#å…³äºè¶³çƒçš„10ä¸ªå†·çŸ¥è¯†#å°æ’’çš„çœ‹çƒæ­å­# â€‹â€‹â€‹,73,2024-06-12,æ¬§æ´²æ¯,https://weibo.com/5044437667284792/OiE1Euz6E,"https://tvax1.sinaimg.cn/crop.0.129.1000.1000.180/0074W2r5ly8grh2ehj86rj30rs0vddk5.jpg?KID=imgbed,tva&Expires=1718287540&ssig=W%2BN4Dr%2Bux0",è¿·æƒ‘è¡Œä¸ºå¤§èµ,https://weibo.com/u/6485867559,0
5044362970926730,138,5,10, ä¸Šæµ·,"#Cç½—[è¶…è¯]# 
ç½—æ€»è¿›çƒåï¼å…¨åœºçƒè¿·ä¸€èµ·SIIIIIIIU[èˆ”å±]
#è‘¡è„ç‰™vsçˆ±å°”å…°#ï½œ#Cç½—æ¢…å¼€äºŒåº¦# http://t.cn/A6Qvucds â€‹",105,2024-06-12,æ¬§æ´²æ¯,https://weibo.com/5044362970926730/OiC5b3T5g,"https://tvax1.sinaimg.cn/crop.0.0.1080.1080.180/e01160f5ly8gpyl68gn6qj20u00u00uq.jpg?KID=imgbed,tva&Expires=1718287540&ssig=tFPcc%2FUJ5I",CrisM_,https://weibo.com/u/3759235317,0
5044554531869853,91,64,44, å®‰å¾½,#åŠ¨å“¥å’Œä½ èŠçƒ[è¶…è¯]##æ¬§æ´²æ¯##æ¬§æ´²æ¯æ­å¹•æˆ˜##å¾·å›½vsè‹æ ¼å…°# #æ¬§æ´²æ¯é¢„æµ‹å¸#  æ¬§æ´²æ¯æ¥è¢­ï¼åŠ¨å“¥å‘ç¦åˆ©å•¦ï¼6æœˆ14æ—¥3ï¼š00æ¬§æ´²æ¯æ¯æ­å¹•æˆ˜æ‰“å“ï¼Œå¯¹é˜µåŒæ–¹æ˜¯ä¸œé“ä¸»å¾·å›½vsè‹æ ¼å…°ï¼Œè¿™åœºæ¯”èµ›æ€ä¹ˆçœ‹ï¼Œå¤§å®¶è¯„è®ºåŒºå‘è¡¨ä¸‹çœ‹æ³•å†™ä¸ªæ¯”åˆ†ï¼Œå‰10ä¸ªå‘½ä¸­æ¯”åˆ†çš„ç²‰ä¸å¯ä»¥è·å¾—6.8å…ƒçº¢åŒ…[å¿ƒ]ï¼Œç•™è¨€çƒ­åº¦æœ€é«˜çš„ç²‰ä¸ï¼ˆè¯¥æ¡è½¬è¯„èµ â€‹,662,2024-06-12,æ¬§æ´²æ¯,https://weibo.com/5044554531869853/OiH497QqV,"https://tvax4.sinaimg.cn/crop.47.11.198.198.180/44971822ly8gg10h66safj209x07k74g.jpg?KID=imgbed,tva&Expires=1718287540&ssig=vWbZFl9c%2Bt",åŠ¨å“¥èŠçƒ,https://weibo.com/u/1150752802,1
5044833811170936,444,41,19, æ±Ÿè‹,"ä¸ºäº†ä¸‹å‘¨é¡ºé¡ºåˆ©åˆ©å»çœ‹å°æ¢…ï¼Œæœ€è¿‘çœŸçš„å¿™ç–¯äº†ï¼Œå¾®åšå¾ˆå°‘ä¸Šèµ„è®¯ä¹Ÿæ²¡åŠæ—¶æ¬è¿ï¼ŒåŠ ä¸Šç¾æ´²æ¯åˆ°æ¥æƒ³ç»™é˜¿æ ¹å»·é˜Ÿæ”’äººå“ï¼Œå¾ˆå¤šä¹å­éƒ½æ²¡æ•¢æºå’Œï¼Œä½†æ˜¯æœ‰äº›ä¸œè¥¿ä¸Šèµ¶ç€æ‰¾éº»çƒ¦ï¼Œé‚£å°±æ²¡åŠæ³•äº†ï¼Œæ¯”å¦‚ç‹å…«ç²‰ã€‚

å¦ç™½è®²ï¼Œå§†å·´ä½©çš„è¨€è®ºåŸæœ¬æ— è¶³è½»é‡ï¼Œä½†æ˜¯ç‹å…«ç²‰éè¦æé˜¿æ ¹å»·ï¼Œç¢°ç“·æ‹‰è¸©GOATï¼Œé‚£å’±å°±å¾—è¯´é“ä¸€ä¸‹å§†å·´ä½©çš„ä¸–ç•Œå†  â€‹",1195,2024-06-13,æ¬§æ´²æ¯,https://weibo.com/5044833811170936/OiOkB4UC4,"https://tvax2.sinaimg.cn/crop.0.0.1080.1080.180/006G0O0Rly8hgf5dnea86j30u00u0416.jpg?KID=imgbed,tva&Expires=1718287540&ssig=AOKNgCYXhx",DeMess1Cafe,https://weibo.com/u/6117595357,0
5043997557131632,333,104,254, å¹¿ä¸œ,"ä»Šæ—¥åˆ†äº«ä¸–é¢„èµ›ã€ #éŸ©å›½vsä¸­å›½# ã€‘ä¹‹é—´å±•å¼€ï¼Œå›½è¶³èƒ½å¦åœ¨å®¢åœºå æ®ä¸»åŠ¨ï¼Œè¿™ä¸€åœºèµ›æœäº‹å…³å›½è¶³èƒ½å¦å°ç»„å‡ºçº¿ï¼

101ä¸–é¢„èµ›ï¼šæ—¥æœ¬vså™åˆ©äºš
æ–¹å‘ï¼šèƒœ
æ¯”åˆ†ï¼š2-0  3-0  3-1
è¿›çƒæ•°ï¼š2 3 4
ã€è§‚ç‚¹ã€‘ä¸¤é˜Ÿå®åŠ›å·®è·æ˜æ˜¾ï¼Œæœ¬åœºæ›´åŠ çœ‹å¥½æ—¥æœ¬å»¶ç»­èƒœåœºã€‚

102ä¸–é¢„èµ›ï¼šéŸ©å›½vså›½è¶³
æ–¹å‘ï¼šèƒœã€å¹³
æ¯”åˆ†ï¼š2-1  3-1  1-1
è¿›çƒ â€‹",747,2024-06-11,æ¬§æ´²æ¯,https://weibo.com/5043997557131632/OiszNtVgk,"https://tvax2.sinaimg.cn/crop.0.0.1080.1080.180/005LUJp9ly8ho2e481palj30u00u0tch.jpg?KID=imgbed,tva&Expires=1718287540&ssig=4kKMCREwae",ä¾ƒçƒæœæ‰¿é˜³,https://weibo.com/u/5288672859,1
5044291556606166,98,8,1, ä¸Šæµ·,"#Cç½—[è¶…è¯]##è‘¡è„ç‰™vsçˆ±å°”å…°# 
Cç½—è¶…é«˜è´¨é‡é€†è¶³ä¸–ç•Œæ³¢ï¼Œè¿™åœçƒï¼Œè¿™å°„é—¨ï¼Œè¿˜æœ‰ä»€ä¹ˆå¥½è¯´çš„[é…·][é…·][é…·][é…·] â€‹",98,2024-06-12,æ¬§æ´²æ¯,https://weibo.com/5044291556606166/OiAdZrIz4,"https://tvax2.sinaimg.cn/crop.0.0.900.900.180/46ef5521ly8hkowhnndddj20p00p0q5i.jpg?KID=imgbed,tva&Expires=1718287540&ssig=7ClYVsmxYx",Crisiuuuuuuu007,https://weibo.com/u/1190090017,1
5044356572778049,1030,134,110, å››å·,#å›½è¶³æ™‹çº§18å¼ºèµ›# åˆæ˜¯å¤§æ»¡è´¯ï¼è€äº”å‘½ä¸­11.2å€åšï¼é˜¿æ±Ÿç¬”åˆ†å•æŒ‘å››ä¸­äºŒï¼é˜¿è”é…‹å•æŒ‘å…¨ä¸­ï¼ä¸¤ä¸ªæ‹çˆ±éƒ½ä¸‰ä¸­äºŒï¼ä¼Šæ‹‰å…‹èƒœâˆšåšè®© èƒœâˆšç¬”åˆ†3-1âˆšéŸ©å›½è®© å¹³è®© è´Ÿâˆšåšè®© è´Ÿâˆšå¡å¡”å°”èƒœâˆšåšè®© å¹³âˆšç¬”åˆ†2-1âˆšä¼Šæœ—åŒ å¹³âˆšåšå¹³âˆšæ³°å›½3.4çƒâˆšé˜¿è”é…‹è®© è´Ÿâˆšåšå¹³âˆšç¬”åˆ†1-1âˆšæ¬§æ´²æ¯æ˜å¤©å¼€å¹•http://t.cn/A6HHpVcb ï¼Œæ¬¢è¿ â€‹,550,2024-06-12,æ¬§æ´²æ¯,https://weibo.com/5044356572778049/OiBURbEHf,"https://tvax1.sinaimg.cn/crop.0.0.1080.1080.180/e842c6e3ly8h79jti08qej20u00u0wh9.jpg?KID=imgbed,tva&Expires=1718287540&ssig=P8nwTecdOL",æ±Ÿäº†ä¸ªçƒ,https://weibo.com/u/3896690403,1
5042987246029843,157,8,18, ç¾å›½,"å“¥å¼Ÿåˆ†æ˜

#è´æ—å„å§†[è¶…è¯]# http://t.cn/A6HgvTbr â€‹",47,2024-06-08,æ¬§æ´²æ¯,https://weibo.com/5042987246029843/Oi2igpiDx,"https://tvax2.sinaimg.cn/crop.0.0.1080.1080.180/008sw1Baly8hqav8533zgj30u00u0gqb.jpg?KID=imgbed,tva&Expires=1718287540&ssig=0pRHSyKyMv",Belliæœ±å¤åŠ›,https://weibo.com/u/7750432708,0
5043253149697396,175,19,2, å±±ä¸œ,16å²äºšé©¬å°”åœ¨æ˜¨æ™šå¯¹é˜µåŒ—çˆ±å°”å…°é«˜å…‰è¡¨ç°ï¼ŒåŠ©æ”»2æ¬¡ï¼Œå…¨åœºæœ€ä½³â­â¤ï¸ğŸ‡ªğŸ‡¸#å·´è¨##æ¬§æ´²æ¯##2024æ¬§æ´²æ¯# http://t.cn/A6HefD5e â€‹,116,2024-06-09,æ¬§æ´²æ¯,https://weibo.com/5043253149697396/Oi9d8EGJC,"https://tvax2.sinaimg.cn/crop.0.0.996.996.180/902c9adfly8gdi6gvhusjj20ro0rojux.jpg?KID=imgbed,tva&Expires=1718287540&ssig=RcCRiScGzv",è¨æ‘å°æ¨,https://weibo.com/u/2418842335,0
5043781768052965,120,79,6, ç¦å»º,"åœŸè€³å…¶å›½æ°‘æŠ¥ï¼šåŠ æ‹‰å¡”è¨é›·æŠ¥ä»·2500ä¸‡æ¬§ï¼Œå¸Œæœ›åŒæ—¶ç­¾ä¸‹éº¦å…‹æ‰˜ç±³å¥ˆå’Œä¸‡-æ¯”è¨å¡ã€‚

[è¡°][è¡°][è¡°]#æ›¼è”[è¶…è¯]# â€‹",99,2024-06-10,æ¬§æ´²æ¯,https://weibo.com/5043781768052965/OimXKxMWx,"https://tvax4.sinaimg.cn/crop.0.0.600.600.180/a3b3439ely8hjez1n9kimj20go0goabz.jpg?KID=imgbed,tva&Expires=1718287540&ssig=%2B%2FLCSIltXw",MUREDS,https://weibo.com/u/2746434462,0
5044137596026919,147,80,7, æ³°å›½,"æˆ‘åˆºæ¬§æ´²æ¯åŠ¿åŠ›ï¼ğŸ™Œ

ç¥å„ä½å¥½è¿ï¼ğŸ‘Š

#çƒ­åˆº[è¶…è¯]# #COYS# ğŸ¤ğŸ¤ â€‹",68,2024-06-11,æ¬§æ´²æ¯,https://weibo.com/5044137596026919/OiwdFphSn,"https://tvax1.sinaimg.cn/crop.0.0.720.720.180/b6b3e841ly8h6eeitekusj20k00k0q3g.jpg?KID=imgbed,tva&Expires=1718287540&ssig=SEpiAhTz2v",æ‰˜ç‰¹çº³å§†çƒ­åˆºè¶³çƒä¿±ä¹éƒ¨,https://weibo.com/u/3065243713,0
5044420318332271,200,16,11, é‡åº†,"ã€Cç½—å›¾é›†ã€‘å‹è°Šèµ›ï¼šè‘¡è„ç‰™3-0çˆ±å°”å…°ï¼ŒCç½—æ¢…å¼€äºŒåº¦ï¼Œæ‰“è¿›å›½å®¶é˜Ÿç¬¬130çƒï¼ŒèŒä¸šç”Ÿæ¶¯ç¬¬895çƒï¼ï¼

æˆå¹´ç”·å­é¡¶çº§èµ›äº‹å‡ºåœºæ¬¡æ•°ç¬¬1226åœºï¼Œè¿™ä¹Ÿè¶…è¿‡äº†å·´è¥¿ä¼ å¥‡é—¨å°†åˆ‡å°¼çš„1225åœºï¼Œæ¥åˆ°äº†å†å²ç¬¬ä¸€ï¼

å¦‚ä½ æ‰€çŸ¥ï¼Œä»–ä¸è¿½éšè®°å½•ï¼Œè€Œæ˜¯è®°å½•è¿½éšä»–ã€‚

#è‘¡è„ç‰™3æ¯”0çˆ±å°”å…°##Cç½—æ¢…å¼€äºŒåº¦##cç½—# â€‹",255,2024-06-12,æ¬§æ´²æ¯,https://weibo.com/5044420318332271/OiDzFyXBt,"https://tvax4.sinaimg.cn/crop.0.0.1080.1080.180/67516752gy1hog0innehfj20u00u0jw7.jpg?KID=imgbed,tva&Expires=1718287540&ssig=H5e2Bvr5Y1",çš‡é©¬çƒè¿·æ—¥å¿—,https://weibo.com/u/1733388114,1
5044588257476717,68,9,10, è¾½å®,"#å§†å·´ä½©[è¶…è¯]# 

å’³å’³ğŸ©²è¾¹è¾¹å¤§èµ[å¥¥å§†]

#å§†å·´ä½©# ğŸ‡«ğŸ‡·#2024æ¬§æ´²æ¯# â€‹",70,2024-06-12,æ¬§æ´²æ¯,https://weibo.com/5044588257476717/OiHWxvn2d,"https://tvax3.sinaimg.cn/crop.0.0.512.512.180/008hycLJly8ha5liwvd3kj30e80e874r.jpg?KID=imgbed,tva&Expires=1718287540&ssig=Ga%2FuSo9ViM",BravoKM,https://weibo.com/u/7588412607,0
5044392648246425,619,24,50, æ±Ÿè¥¿,"#cç½—å›½å®¶é˜Ÿ130çƒ# 
ğŸ’¥å›½å®¶é˜Ÿ207åœº130çƒï¼ŒèŒä¸šç”Ÿæ¶¯895çƒï¼Œå¹´é¾„ä»æ¥å°±ä¸æ˜¯å…‹é‡Œæ–¯è’‚äºšè¯ºçš„ç•Œé™ï¼Œä¸–äººå¯¹ä»–çš„åè§æ‰æ˜¯å…³é”®ï¼Œä¸ç•æƒ§å²æœˆï¼Œä¸åœæ­¢æˆé•¿ï¼Œä¸æ–­è¿›å–ï¼Œä¼Ÿå¤§çš„Cç½—æ˜¯è¿™é¢—æ˜Ÿçƒä¸Šå­¤å‹‡å‰è¡Œçš„å¥‡è¿¹@CristianoRonaldo #å¾®åšå½±åƒå¹´##è‘¡è„ç‰™3æ¯”0çˆ±å°”å…°#  http://t.cn/A6pLtmkO  http://t.cn/A6NrsRXL â€‹",274,2024-06-12,æ¬§æ´²æ¯,https://weibo.com/5044392648246425/OiCR2yBgR,"https://tvax2.sinaimg.cn/crop.0.0.1080.1080.180/0070wpC0gy1hpga3ipoi6j30u00u0q5d.jpg?KID=imgbed,tva&Expires=1718287540&ssig=X9FBa1jOkE",Ronnieå›,https://weibo.com/u/6420654776,1
